,City,Country,Lat,Lng,Max Temp,Humidity,Cloudiness,Wind Speed,Weather Description
0,Barrow,US,71.2906,-156.7887,42.82,91,90,13.8,overcast clouds
1,Norman Wells,CA,65.282,-126.8329,66.24,45,20,8.05,few clouds
2,Bengkulu,ID,-3.8004,102.2655,74.89,87,0,5.5,clear sky
3,Mataura,NZ,-46.1927,168.8643,46.47,92,100,3.22,light rain
4,Skoropuskovskiy,RU,56.3667,38.1667,68.56,55,89,3.36,overcast clouds
5,Mattru,SL,7.6244,-11.8332,74.57,90,100,3.91,overcast clouds
6,Busselton,AU,-33.65,115.3333,58.08,66,5,20.22,clear sky
7,Bani,DO,18.2833,-70.3333,90.84,63,56,9.44,broken clouds
8,Atuona,PF,-9.8,-139.0333,78.06,68,81,23.85,broken clouds
9,Hobart,AU,-42.8794,147.3294,43.05,74,51,1.99,broken clouds
10,Namioka,JP,40.7072,140.5894,72.91,96,13,3.29,few clouds
11,Provideniya,RU,64.3833,-173.3,47.16,99,100,4.43,light rain
12,Lokomotivnyy,RU,53.0118,60.5684,58.69,77,69,6.26,broken clouds
13,Guerrero Negro,MX,27.9769,-114.0611,77.43,58,92,10.29,overcast clouds
14,Vaini,TO,-21.2,-175.2,66.36,100,20,0.0,fog
15,Luderitz,NA,-26.6481,15.1594,67.17,25,100,4.7,overcast clouds
16,Faanui,PF,-16.4833,-151.75,78.04,67,0,14.67,clear sky
17,Salalah,OM,17.0151,54.0924,78.89,94,75,8.05,broken clouds
18,Santa Luzia,BR,-19.7697,-43.8514,77.34,36,0,3.44,clear sky
19,Manado,ID,1.487,124.8455,81.37,65,40,4.61,scattered clouds
20,Amuntai,ID,-2.4177,115.2494,70.27,93,0,1.1,clear sky
21,Albany,US,42.6001,-73.9662,84.27,74,66,3.15,broken clouds
22,Meulaboh,ID,4.1363,96.1285,77.4,86,100,2.46,overcast clouds
23,Thompson,CA,55.7435,-97.8558,59.16,51,75,13.8,broken clouds
24,Broken Hill,AU,-31.95,141.4333,47.91,71,4,11.5,clear sky
25,Espanola,US,35.9911,-106.0806,85.64,34,42,6.85,scattered clouds
26,Bredasdorp,ZA,-34.5322,20.0403,47.52,93,100,4.61,overcast clouds
27,Savalou,BJ,7.9281,1.9756,78.4,71,100,3.58,light rain
28,Mar Del Plata,AR,-38.0023,-57.5575,57.09,60,90,3.0,overcast clouds
29,Leningradskiy,RU,69.3833,178.4167,37.6,90,100,4.61,overcast clouds
30,Nikolskoye,RU,59.7035,30.7861,69.69,67,7,2.46,clear sky
31,Sokoto,NG,13.0609,5.239,84.42,61,100,14.79,light rain
32,Rawson,AR,-43.3002,-65.1023,51.91,36,5,21.43,clear sky
33,Kavaratti,IN,10.5669,72.642,80.83,80,100,21.61,overcast clouds
34,Marsh Harbour,BS,26.5412,-77.0636,83.98,72,97,11.05,overcast clouds
35,Castro,BR,-24.7911,-50.0119,69.26,52,4,5.75,clear sky
36,Ballina,AU,-28.8667,153.5667,48.78,76,0,5.75,clear sky
37,Carnarvon,AU,-24.8667,113.6333,53.67,73,0,4.61,clear sky
38,Lewistown,US,40.5992,-77.5714,90.95,60,90,3.44,overcast clouds
39,Khatanga,RU,71.9667,102.5,48.52,89,31,6.87,scattered clouds
40,Kaitangata,NZ,-46.2817,169.8464,49.93,60,100,3.83,light rain
41,Qaanaaq,GL,77.484,-69.3632,40.48,70,89,5.79,overcast clouds
42,Ushuaia,AR,-54.8,-68.3,33.46,100,75,21.85,snow
43,Butaritari,KI,3.0707,172.7902,81.48,77,86,10.69,moderate rain
44,Hami,CN,42.8,93.45,87.1,18,0,8.77,clear sky
45,Safranbolu,TR,41.2508,32.6942,65.64,78,3,3.69,clear sky
46,Bambous Virieux,MU,-20.3428,57.7575,70.21,64,20,12.66,few clouds
47,New Norfolk,AU,-42.7826,147.0587,42.71,69,63,5.99,broken clouds
48,Punta Arenas,CL,-53.15,-70.9167,41.11,65,20,19.57,few clouds
49,Sao Joao Da Barra,BR,-21.6403,-41.0511,77.09,64,0,15.68,clear sky
50,Berlevag,NO,70.8578,29.0864,46.4,87,75,23.02,broken clouds
51,Marsa Matruh,EG,31.3525,27.2453,78.46,59,0,7.96,clear sky
52,Tuktoyaktuk,CA,69.4541,-133.0374,50.0,93,90,12.66,light rain
53,Asau,RO,46.4333,26.4,72.75,78,100,2.59,overcast clouds
54,Busia,UG,0.4544,34.0758,64.13,74,5,2.28,clear sky
55,Kodiak,US,57.79,-152.4072,51.31,87,75,5.75,broken clouds
56,Saint-Philippe,RE,-21.3585,55.7679,69.35,77,29,11.59,scattered clouds
57,Rikitea,PF,-23.1203,-134.9692,70.5,67,76,6.44,broken clouds
58,Cape Town,ZA,-33.9258,18.4232,63.12,55,0,1.14,clear sky
59,Herat,AF,34.5,62.0,87.21,12,0,40.53,clear sky
60,Laguna,US,38.421,-121.4238,104.43,40,1,4.61,clear sky
61,Port Blair,IN,11.6667,92.75,82.26,87,100,17.05,overcast clouds
62,Mayor Pablo Lagerenza,PY,-19.9309,-60.7718,98.83,16,0,17.34,clear sky
63,Zyryanka,RU,65.75,150.85,45.73,73,100,16.37,light rain
64,Rotterdam,NL,51.9225,4.4792,72.95,80,100,6.91,overcast clouds
65,Tiarei,PF,-17.5333,-149.3333,78.82,68,1,9.78,clear sky
66,Georgetown,MY,5.4112,100.3354,83.89,86,20,0.0,few clouds
67,Bethel,US,41.3712,-73.414,80.04,85,90,1.01,overcast clouds
68,Monte Alegre,BR,-2.0078,-54.0692,92.53,38,83,3.85,broken clouds
69,Fortuna,US,40.5982,-124.1573,85.42,86,1,10.36,clear sky
70,Lakatoro,VU,-16.0999,167.4164,77.58,86,49,4.07,scattered clouds
71,Hwange,ZW,-18.3693,26.5019,59.02,40,2,6.44,clear sky
72,Calama,CL,-22.4667,-68.9333,66.69,9,75,16.11,broken clouds
73,Kapaa,US,22.0752,-159.319,80.92,82,75,3.0,light rain
74,Ponnani,IN,10.767,75.9252,76.32,89,100,10.47,overcast clouds
75,Tucumcari,US,35.1717,-103.725,87.64,40,1,18.41,clear sky
76,Kudahuvadhoo,MV,2.6708,72.8944,81.88,74,78,12.33,broken clouds
77,Clyde River,CA,70.4692,-68.5914,35.83,100,90,10.36,light rain
78,Kisangani,CD,0.5167,25.2,79.12,60,71,1.83,broken clouds
79,Dera Bugti,PK,29.0307,69.151,99.3,31,16,8.77,few clouds
80,Bathsheba,BB,13.2167,-59.5167,88.41,70,75,17.27,broken clouds
81,Khasan,RU,42.4308,130.6434,73.65,96,82,3.74,broken clouds
82,Troitskoye,RU,52.9821,84.6757,66.81,77,10,7.14,clear sky
83,Xunchang,CN,28.4543,104.715,72.54,95,20,2.89,few clouds
84,Hay River,CA,60.8156,-115.7999,60.78,48,40,4.61,scattered clouds
85,Hithadhoo,MV,-0.6,73.0833,80.92,75,78,4.5,broken clouds
86,Cap Malheureux,MU,-19.9842,57.6142,70.47,60,0,10.0,clear sky
87,Bria,CF,6.5423,21.9863,70.84,95,100,4.18,overcast clouds
88,Longyearbyen,SJ,78.2186,15.6401,44.44,81,75,9.22,broken clouds
89,Puerto Suarez,BO,-18.95,-57.8,95.56,28,0,12.66,clear sky
90,Quatre Cocos,MU,-20.2078,57.7625,70.09,65,22,14.85,few clouds
91,Coquimbo,CL,-29.9533,-71.3436,60.53,55,0,8.05,clear sky
92,Constitucion,CL,-35.3333,-72.4167,53.58,87,30,9.89,scattered clouds
93,Hermanus,ZA,-34.4187,19.2345,62.91,54,100,9.86,overcast clouds
94,Eyl,SO,7.9803,49.8164,77.86,70,4,23.04,clear sky
95,Yellowknife,CA,62.456,-114.3525,63.32,51,20,8.05,few clouds
96,Seda,LV,57.65,25.75,64.42,63,0,3.11,clear sky
97,Flinders,AU,-34.5833,150.8552,56.17,62,0,11.99,clear sky
98,Port Alfred,ZA,-33.5906,26.891,61.18,45,66,11.88,broken clouds
99,Sorland,NO,67.667,12.6934,53.46,84,100,5.97,overcast clouds
100,Ilulissat,GL,69.2167,-51.1,55.42,35,75,13.8,broken clouds
101,Dubti,ET,11.7361,41.0853,83.57,56,100,9.13,overcast clouds
102,Kabompo,ZM,-13.5927,24.2008,56.28,45,0,6.31,clear sky
103,Peniche,PT,39.3558,-9.3811,73.47,87,20,10.76,few clouds
104,Buchanan,LR,5.8808,-10.0467,80.56,77,32,8.72,scattered clouds
105,Rio Cuarto,AR,-33.1307,-64.3499,56.97,47,0,6.91,clear sky
106,Coahuayana,MX,18.7333,-103.6833,89.08,63,80,5.93,broken clouds
107,Nabire,ID,-3.3667,135.4833,75.9,88,100,4.0,overcast clouds
108,Mahebourg,MU,-20.4081,57.7,70.25,64,20,12.66,few clouds
109,At-Bashi,KG,41.1702,75.8106,62.56,34,0,2.01,clear sky
110,Honavar,IN,14.2833,74.45,78.21,88,100,11.97,overcast clouds
111,Kurilsk,RU,45.2333,147.8833,61.92,86,3,6.93,clear sky
112,Coxim,BR,-18.5067,-54.76,96.37,18,0,10.8,clear sky
113,Port Elizabeth,ZA,-33.918,25.5701,50.29,87,40,3.44,scattered clouds
114,Payo,ID,-3.7508,103.6372,69.57,88,4,2.73,clear sky
115,Nouakchott,MR,18.0858,-15.9785,82.33,80,5,14.83,clear sky
116,Missoula,US,47.0166,-113.8009,80.85,16,0,7.2,clear sky
117,Le Port,RE,-20.9373,55.2919,69.76,76,85,4.54,overcast clouds
118,Nakhabino,RU,55.8514,37.1814,68.83,49,0,4.47,clear sky
119,Nuuk,GL,64.1835,-51.7216,52.41,66,75,3.44,broken clouds
120,La Baule-Escoublac,FR,47.2922,-2.364,67.95,83,0,11.5,clear sky
121,Islamkot,PK,24.6997,70.177,83.91,78,100,22.79,overcast clouds
122,Olinda,BR,-8.0089,-34.8553,74.93,78,75,12.66,broken clouds
123,Cayenne,GF,4.9333,-52.3333,83.08,80,75,1.99,broken clouds
124,Upernavik,GL,72.7868,-56.1549,41.13,81,16,13.22,few clouds
125,Vanimo,PG,-2.6741,141.3028,75.06,82,100,1.88,overcast clouds
126,Lompoc,US,34.6391,-120.4579,81.01,73,40,3.0,scattered clouds
127,Ornskoldsvik,SE,63.2909,18.7153,70.75,64,33,4.61,scattered clouds
128,Sijunjung,ID,-0.6876,100.9537,72.05,97,11,1.66,few clouds
129,Touros,BR,-5.1989,-35.4608,85.1,66,9,17.0,clear sky
130,Vallenar,CL,-28.5708,-70.7581,68.74,28,0,7.47,clear sky
131,Namibe,AO,-15.1961,12.1522,66.47,88,0,2.28,clear sky
132,Hasaki,JP,35.7333,140.8333,75.6,79,8,15.21,clear sky
133,Fort Morgan,US,40.2503,-103.8,90.81,27,1,3.44,clear sky
134,La Palma,US,33.8464,-118.0467,91.11,64,75,5.01,broken clouds
135,Solnechnyy,RU,50.7214,136.6319,72.52,75,100,1.57,overcast clouds
136,Waw,SS,7.7029,27.9953,71.24,98,100,5.37,light rain
137,Port Hardy,CA,50.6996,-127.4199,60.98,82,75,4.61,broken clouds
138,Honiara,SB,-9.4333,159.95,76.86,89,64,5.28,broken clouds
139,Coihaique,CL,-45.5752,-72.0662,45.21,53,75,5.75,broken clouds
140,Babstovo,RU,48.1167,132.4833,69.06,91,100,4.83,moderate rain
141,Torbay,CA,47.6666,-52.7314,62.76,89,75,8.05,broken clouds
142,Wanning,CN,18.8003,110.3967,79.29,92,70,9.08,broken clouds
143,Japura,ID,-0.3167,102.35,75.34,87,13,1.83,few clouds
144,Taoudenni,ML,22.6783,-3.9836,108.68,5,6,10.45,clear sky
145,Nardaran,AZ,40.5561,50.0056,80.24,69,0,16.11,clear sky
146,Pachperwa,IN,27.5167,82.65,84.43,78,100,7.25,overcast clouds
147,Kuytun,RU,54.3419,101.5036,60.03,66,75,1.81,broken clouds
148,Cidreira,BR,-30.1811,-50.2056,71.89,60,0,10.2,clear sky
149,Nizhniy Kuranakh,RU,58.8353,125.4869,58.86,86,100,1.97,overcast clouds
150,Ostrovnoy,RU,68.0531,39.5131,45.99,90,100,15.97,overcast clouds
151,Zhuhai,CN,22.2769,113.5678,86.05,84,20,5.75,few clouds
152,Kaeo,NZ,-35.1,173.7833,56.32,96,30,9.69,scattered clouds
153,Pervomayskoye,RU,43.919,46.7102,73.49,54,28,6.55,scattered clouds
154,Puerto Ayora,EC,-0.7393,-90.3518,80.56,83,37,8.99,scattered clouds
155,Leninskoye,KZ,41.7589,69.3864,89.38,17,0,7.16,clear sky
156,Beloha,MG,-25.1667,45.05,62.53,64,65,11.3,broken clouds
157,Hedaru,TZ,-4.5,37.9,68.32,48,2,10.09,clear sky
158,Batagay,RU,67.6333,134.6333,55.2,75,26,2.59,scattered clouds
159,Nhulunbuy,AU,-12.2333,136.7667,68.61,88,10,5.75,clear sky
160,Tuatapere,NZ,-46.1333,167.6833,47.82,93,100,5.41,light rain
161,Shenjiamen,CN,29.9576,122.298,77.52,94,100,34.25,moderate rain
162,Tasiilaq,GL,65.6145,-37.6368,46.56,86,55,5.64,broken clouds
163,Onega,RU,63.9061,38.1404,54.43,85,88,4.34,overcast clouds
164,Ribeira Grande,PT,38.5167,-28.7,75.6,73,20,3.44,few clouds
165,Luau,AO,-10.7073,22.2247,66.07,29,5,5.44,clear sky
166,Ust-Kuyga,RU,70.0167,135.6,53.73,71,8,1.99,clear sky
167,Burnie,AU,-41.0667,145.9167,43.92,80,31,10.96,scattered clouds
168,Kaputa,ZM,-8.4689,29.6619,66.25,49,93,12.24,overcast clouds
169,Fairbanks,US,64.8378,-147.7164,63.23,66,90,1.01,overcast clouds
170,Ostersund,SE,63.1792,14.6357,72.05,49,40,10.36,scattered clouds
171,Chara,RU,56.9064,118.2631,55.96,73,62,5.1,broken clouds
172,Sturgis,US,41.7992,-85.4192,87.6,23,1,8.05,clear sky
173,Swan Hill,AU,-35.3378,143.5544,46.11,97,16,8.77,few clouds
174,Waingapu,ID,-9.6567,120.2641,71.71,69,8,4.97,clear sky
175,Avarua,CK,-21.2078,-159.775,71.65,100,75,3.44,light rain
176,Kahului,US,20.8947,-156.47,83.46,84,20,17.27,few clouds
177,Te Anau,NZ,-45.4167,167.7167,45.03,97,100,1.54,light rain
178,Cabo San Lucas,MX,22.8909,-109.9124,97.52,58,1,12.66,clear sky
179,Malinyi,TZ,-8.9333,36.1333,64.8,43,2,3.36,clear sky
180,Maldonado,UY,-34.6667,-54.9167,70.99,82,50,11.05,scattered clouds
181,Porto Velho,BR,-8.7619,-63.9039,95.05,34,0,8.05,clear sky
182,Ostrovtsy,RU,55.5939,37.9936,69.49,59,0,2.24,clear sky
183,Cherskiy,RU,68.75,161.3,43.47,69,46,7.9,scattered clouds
184,Kismayo,SO,-0.3582,42.5454,75.76,75,24,19.64,few clouds
185,Ankazobe,MG,-18.3167,47.1167,54.01,81,81,10.16,broken clouds
186,Gizo,SB,-8.103,156.8419,80.56,79,41,6.89,light rain
187,Saldanha,ZA,-33.0117,17.9442,59.05,51,100,11.05,overcast clouds
188,Trinidad,BO,-14.8333,-64.9,94.46,26,4,9.17,clear sky
189,Vila Franca Do Campo,PT,37.7167,-25.4333,72.01,80,43,8.01,scattered clouds
190,Fukue,JP,32.6881,128.8419,79.57,83,100,18.14,heavy intensity rain
191,Iqaluit,CA,63.7506,-68.5145,47.93,87,75,8.01,broken clouds
192,Hilo,US,19.7297,-155.09,80.62,90,90,0.0,moderate rain
193,Nefteyugansk,RU,61.0998,72.6035,59.25,87,100,13.0,overcast clouds
194,Necochea,AR,-38.5473,-58.7368,50.04,86,100,19.13,overcast clouds
195,Liling,CN,27.6667,113.5,80.49,86,80,3.15,broken clouds
196,Arraial Do Cabo,BR,-22.9661,-42.0278,78.76,69,0,23.02,clear sky
197,Esperance,AU,-33.8667,121.9,51.64,85,1,17.81,clear sky
198,Jamestown,US,42.097,-79.2353,84.29,60,40,5.01,scattered clouds
199,Barra Dos Coqueiros,BR,-10.9089,-37.0386,80.62,69,20,12.66,few clouds
200,Wajir,KE,1.7471,40.0573,82.36,44,40,12.66,scattered clouds
201,Borinskoye,RU,52.4569,39.3713,66.45,48,100,4.38,overcast clouds
202,Tiptur,IN,13.2586,76.4783,69.46,85,20,13.15,few clouds
203,Sarai Sidhu,PK,30.5949,71.9698,98.37,37,0,7.0,clear sky
204,Goya,AR,-29.14,-59.2626,82.29,39,9,5.97,clear sky
205,Carballo,ES,43.213,-8.691,71.06,83,76,4.25,broken clouds
206,Nalut,LY,30.3333,10.85,88.83,12,0,10.67,clear sky
207,Goderich,CA,43.7501,-81.7165,84.04,78,1,11.5,clear sky
208,Conde,BR,-7.2597,-34.9075,80.06,78,75,12.66,broken clouds
209,Escarcega,MX,18.6089,-90.7454,98.91,32,70,2.3,broken clouds
210,Almenara,BR,-16.1836,-40.6944,81.97,30,0,7.45,clear sky
211,Palu,ID,-0.8917,119.8707,74.43,94,48,3.13,scattered clouds
212,Lethem,GY,3.3803,-59.7968,77.05,88,40,9.22,scattered clouds
213,East London,ZA,-33.0153,27.9116,56.34,76,0,5.75,clear sky
214,La Crosse,US,43.8014,-91.2396,89.53,41,1,5.01,clear sky
215,Mackay,AU,-21.15,149.2,53.04,87,9,5.75,clear sky
216,Normandin,CA,48.8333,-72.5321,73.71,68,48,11.5,scattered clouds
217,Mishan,CN,45.55,131.8833,69.39,87,99,3.71,overcast clouds
218,Vardo,NO,70.3705,31.1107,48.4,87,75,13.8,broken clouds
219,Pangai,TO,-19.8,-174.35,71.71,94,20,2.3,few clouds
220,Springdale,US,36.1867,-94.1288,89.56,81,20,0.0,few clouds
221,Binghamton,US,42.0987,-75.918,87.31,61,20,1.01,few clouds
222,Kapustin Yar,RU,48.5831,45.7372,78.35,32,89,12.39,overcast clouds
223,Christchurch,NZ,-43.5333,172.6333,53.01,80,100,5.99,light rain
224,Kutum,SD,14.2,24.6667,71.91,72,100,10.02,overcast clouds
225,Saint-Joseph,RE,-21.3667,55.6167,68.36,76,19,12.08,few clouds
226,Camana,PE,-16.6228,-72.7111,62.51,79,56,6.64,broken clouds
227,Nanortalik,GL,60.1432,-45.2371,45.03,73,100,14.12,overcast clouds
228,Anzio,IT,41.4853,12.6179,86.7,51,100,15.61,overcast clouds
229,Nome,US,64.5011,-165.4064,49.15,87,90,10.36,overcast clouds
230,Acarau,BR,-2.8856,-40.12,84.99,56,13,18.28,few clouds
231,Chuy,UY,-33.6971,-53.4616,67.35,82,0,7.56,clear sky
232,La Ronge,CA,55.1001,-105.2842,66.45,59,75,6.91,broken clouds
233,Ahome,MX,25.9167,-109.1833,97.14,39,0,10.76,clear sky
234,Dunedin,NZ,-45.8742,170.5036,50.81,63,100,14.0,light rain
235,Paamiut,GL,61.994,-49.6678,44.55,71,71,5.64,broken clouds
236,Rocky Mountain House,CA,52.3668,-114.9188,67.75,55,34,3.44,scattered clouds
237,Kibiti,TZ,-7.7218,38.9375,65.08,86,0,3.38,clear sky
238,Dwarka,IN,22.2394,68.9678,82.65,87,100,20.2,light rain
239,Pavilosta,LV,56.8879,21.1859,73.31,62,100,11.48,overcast clouds
240,Samana,DO,19.2056,-69.3369,84.42,79,75,0.0,broken clouds
241,Guiglo,CI,6.5456,-7.4966,74.7,85,87,2.84,overcast clouds
242,Cape Canaveral,US,28.4058,-80.6048,93.25,76,40,14.97,scattered clouds
243,Ponta Do Sol,PT,32.6667,-17.1,77.72,77,1,4.38,clear sky
244,Valdivia,CL,-39.8142,-73.2459,50.09,89,99,4.76,overcast clouds
245,Sirjan,IR,29.452,55.6814,85.68,8,0,17.96,clear sky
246,Zhezkazgan,KZ,47.8043,67.7144,79.97,38,0,21.43,clear sky
247,Barreirinhas,BR,-2.7469,-42.8264,86.58,54,72,7.47,broken clouds
248,Lorengau,PG,-2.0226,147.2712,78.15,85,100,9.26,overcast clouds
249,Saint-Georges,GD,12.0564,-61.7485,83.88,79,20,14.97,few clouds
250,Lavrentiya,RU,65.5833,-171.0,44.38,99,100,4.23,light rain
251,Belle Fourche,US,44.6714,-103.8522,96.89,19,4,8.01,clear sky
252,Olafsvik,IS,64.8945,-23.7142,50.02,88,45,22.84,scattered clouds
253,Otacilio Costa,BR,-27.4831,-50.1219,70.25,51,100,2.13,overcast clouds
254,Grindavik,IS,63.8424,-22.4338,51.75,93,90,29.93,light intensity drizzle
255,Victoria,HK,22.2855,114.1577,86.32,87,19,1.01,few clouds
256,Uvira,CD,-3.4067,29.1458,77.13,64,23,6.85,few clouds
257,Ust-Kut,RU,56.7938,105.7672,60.1,73,12,2.24,few clouds
258,Lebu,CL,-37.6167,-73.65,52.77,86,36,3.49,scattered clouds
259,Dingle,PH,10.9995,122.6711,77.05,90,21,8.88,few clouds
260,Alamosa,US,37.4695,-105.87,75.34,49,1,4.61,clear sky
261,San Cristobal,VE,7.7669,-72.225,80.78,49,100,4.25,overcast clouds
262,Douglas,US,41.3,-96.167,85.66,68,1,4.0,clear sky
263,Rolante,BR,-29.6506,-50.5758,84.65,40,2,4.81,clear sky
264,Santa Maria Do Para,BR,-1.3503,-47.5756,86.86,63,94,3.44,overcast clouds
265,Kalmunai,LK,7.4167,81.8167,80.19,79,100,6.91,overcast clouds
266,Cam Ranh,VN,11.9214,109.1591,82.36,69,20,8.05,few clouds
267,Taraz,KZ,42.9,71.3667,79.29,29,0,6.71,clear sky
268,Basco,PH,20.4487,121.9702,82.87,88,98,29.62,overcast clouds
269,Yenagoa,NG,4.9247,6.2642,76.14,74,20,7.14,few clouds
270,Fonte Boa,BR,-2.4959,-66.2662,90.21,46,100,2.39,overcast clouds
271,Cururupu,BR,-1.8283,-44.8683,85.41,58,64,4.34,broken clouds
272,Krasnogorsk,RU,55.8225,37.3181,68.97,52,0,4.47,clear sky
273,Rio Grande,BR,-32.035,-52.0986,75.31,83,45,8.63,scattered clouds
274,Sinnamary,GF,5.3833,-52.95,81.37,75,57,5.37,broken clouds
275,Atbasar,KZ,51.8,68.3333,63.14,65,0,8.05,clear sky
276,Sibut,CF,5.718,19.0739,72.57,89,100,4.07,light rain
277,Minsk,BY,53.9,27.5667,73.15,58,55,2.68,broken clouds
278,Hakkari,TR,37.5833,44.1667,67.51,40,0,3.42,clear sky
279,Souillac,MU,-20.5167,57.5167,70.36,64,20,12.66,few clouds
280,Pascagoula,US,30.3658,-88.5561,91.42,86,90,5.75,overcast clouds
281,Devils Lake,US,48.1128,-98.8651,87.91,26,1,5.75,clear sky
282,Vila Velha,BR,-20.3297,-40.2925,77.97,55,40,9.22,scattered clouds
283,Katsuura,JP,35.1333,140.3,81.1,86,29,11.12,scattered clouds
284,Mollendo,PE,-17.0231,-72.0147,62.13,80,55,8.21,broken clouds
285,Xining,CN,36.6167,101.7667,56.84,88,100,3.89,overcast clouds
286,Tecoanapa,MX,16.5167,-98.75,86.45,68,88,10.18,overcast clouds
287,Kargasok,RU,59.0556,80.8572,63.32,83,92,4.74,overcast clouds
288,Amapa,BR,1.0,-52.0,82.9,76,100,2.98,overcast clouds
289,Hamilton,US,39.1834,-84.5333,90.91,67,75,3.0,broken clouds
290,Nara,JP,34.6851,135.8049,80.26,94,11,2.33,few clouds
291,Isangel,VU,-19.55,169.2667,74.89,87,100,12.01,overcast clouds
292,Shingu,JP,33.7333,135.9833,74.91,81,0,5.01,clear sky
293,Guarapari,BR,-20.6667,-40.4975,77.92,61,0,13.85,clear sky
294,Hobyo,SO,5.3505,48.5268,77.04,74,49,24.94,scattered clouds
295,Thai Nguyen,VN,21.5928,105.8442,82.18,90,59,2.93,broken clouds
296,Sitka,US,57.0531,-135.33,57.09,82,75,3.44,light rain
297,Mundo Nuevo,MX,18.7,-95.5,83.57,74,15,7.18,few clouds
298,Tessalit,ML,20.1986,1.0114,88.61,40,99,17.29,overcast clouds
299,Mikkeli,FI,61.6886,27.2723,70.14,64,0,0.0,clear sky
300,Sao Filipe,CV,14.8961,-24.4956,74.32,74,98,8.3,overcast clouds
301,Mana,GF,5.6592,-53.7767,80.26,75,97,4.88,overcast clouds
302,Igarka,RU,67.4667,86.5833,54.46,96,61,2.71,broken clouds
303,Colonelganj,IN,27.1333,81.7,85.95,73,100,6.4,overcast clouds
304,Saskylakh,RU,71.9167,114.0833,53.91,74,71,11.21,broken clouds
305,Sawtell,AU,-30.3833,153.1,42.19,90,0,5.75,clear sky
306,Chapais,CA,49.7834,-74.8492,64.18,46,83,10.98,broken clouds
307,Porto Novo,BJ,6.4965,2.6036,78.62,75,6,9.64,clear sky
308,Bluff,NZ,-46.6,168.3333,47.8,87,100,6.17,moderate rain
309,Vila,PT,42.0304,-8.1588,66.22,78,34,5.08,scattered clouds
310,Geraldton,AU,-28.7667,114.6,49.12,87,0,12.66,clear sky
311,Moura,PT,38.1401,-7.4486,77.11,53,93,12.35,overcast clouds
312,Palana,RU,59.1167,159.9667,51.66,94,100,10.98,overcast clouds
313,Pocone,BR,-16.2567,-56.6228,98.4,17,2,7.99,clear sky
314,Evensk,RU,61.95,159.2333,48.58,99,100,7.7,moderate rain
315,Buala,SB,-8.145,159.5921,79.21,84,21,7.34,few clouds
316,Shirokiy,RU,49.758,129.523,65.93,95,100,7.14,overcast clouds
317,Lannion,FR,48.75,-3.4167,68.41,94,75,9.22,broken clouds
318,Tokur,RU,53.1333,132.9,56.07,96,65,3.2,broken clouds
319,Loiza,PR,18.4313,-65.8802,88.81,88,75,0.0,thunderstorm
320,Portland,US,45.5234,-122.6762,84.52,53,1,1.01,clear sky
321,Oistins,BB,13.0667,-59.5333,87.89,70,75,17.27,broken clouds
322,Narsaq,GL,60.9167,-46.05,59.22,51,71,3.76,broken clouds
323,Dikson,RU,73.5069,80.5464,39.25,86,100,13.73,overcast clouds
324,Lasa,IT,46.6166,10.7002,67.08,88,71,3.11,broken clouds
325,Mersing,MY,2.4312,103.8405,78.71,94,7,5.75,clear sky
326,Angoram,PG,-4.0625,144.0661,69.19,100,82,2.19,broken clouds
327,Adrar,MR,20.5022,-10.0711,104.68,7,24,8.68,few clouds
328,Jalu,LY,29.0331,21.5482,87.76,24,0,7.9,clear sky
329,Tautira,PF,-17.7333,-149.15,78.82,69,0,10.51,clear sky
330,Yining,CN,29.0361,114.5636,75.34,90,6,2.1,clear sky
331,Karratha,AU,-20.7377,116.8463,69.4,47,10,6.33,clear sky
332,Svetlogorsk,BY,52.6333,29.7333,67.57,64,57,5.75,broken clouds
333,Sangar,RU,63.9242,127.4739,56.57,73,5,3.8,clear sky
334,Lodja,CD,-3.4833,23.4333,82.49,28,91,2.44,overcast clouds
335,Myitkyina,MM,25.3833,97.4,74.07,99,100,1.12,overcast clouds
336,Riverton,US,40.5219,-111.9391,96.04,24,1,5.01,clear sky
337,Najran,SA,17.4924,44.1277,88.45,27,80,7.65,broken clouds
338,Aksarka,RU,66.5606,67.7975,44.69,82,1,13.31,clear sky
339,Pinega,RU,64.7001,43.3936,46.78,84,80,3.2,broken clouds
340,Dire Dawa,ET,9.5931,41.8661,69.78,58,100,11.34,overcast clouds
341,Baiyin,CN,36.5583,104.2081,63.48,76,100,10.16,moderate rain
342,Yarada,IN,17.65,83.2667,84.52,89,40,2.3,mist
343,Tabat,ID,-2.635,115.2274,70.12,91,0,1.34,clear sky
344,Lagoa,PT,39.05,-27.9833,70.07,80,100,12.33,overcast clouds
345,Moyobamba,PE,-6.05,-76.9667,87.69,35,33,0.78,scattered clouds
346,Tual,ID,-5.6667,132.75,79.65,79,32,18.84,scattered clouds
347,Cortez,US,37.3489,-108.5859,82.67,52,20,16.11,few clouds
348,Tiksi,RU,71.6872,128.8694,47.53,82,100,6.6,overcast clouds
349,Alice Springs,AU,-23.7,133.8833,53.15,37,40,4.61,scattered clouds
350,Vao,NC,-22.6667,167.4833,71.42,72,57,16.31,broken clouds
351,Lebork,PL,54.5392,17.7501,76.55,72,100,10.16,overcast clouds
352,Tiruchchendur,IN,8.4833,78.1167,83.44,67,100,13.29,overcast clouds
353,Tarnow,PL,50.0138,20.987,71.15,66,21,7.9,few clouds
354,Fort Nelson,CA,58.8053,-122.7002,71.19,37,40,9.22,scattered clouds
355,Novoraychikhinsk,RU,49.7798,129.594,66.38,96,100,7.85,overcast clouds
356,Kununurra,AU,-15.7667,128.7333,60.78,82,100,0.0,overcast clouds
357,Severo-Kurilsk,RU,50.6789,156.125,53.98,99,81,5.03,broken clouds
358,Kontagora,NG,10.3999,5.4695,74.07,86,100,2.73,overcast clouds
359,Horta,PT,38.5333,-28.6333,74.84,73,20,3.44,few clouds
360,Concepcion Del Oro,MX,24.6333,-101.4167,77.11,24,0,4.45,clear sky
361,Sur,OM,22.5667,59.5289,93.31,53,16,12.21,few clouds
362,Ulaanbaatar,MN,47.9077,106.8832,62.73,72,40,2.24,scattered clouds
363,Urengoy,RU,65.9667,78.3667,59.2,77,100,5.44,overcast clouds
364,Leh,IN,34.1667,77.5833,73.26,40,99,7.7,overcast clouds
365,Nzega,RW,-2.479,29.5564,61.81,55,97,3.27,overcast clouds
366,Ancud,CL,-41.8697,-73.8203,47.73,61,24,11.03,few clouds
367,Chokurdakh,RU,70.6333,147.9167,38.5,73,1,10.0,clear sky
368,Bentiu,SS,9.2333,29.8333,70.72,97,100,5.5,overcast clouds
369,Snezhnogorsk,RU,69.1933,33.2531,49.78,80,88,13.94,overcast clouds
370,Darhan,MN,49.4867,105.9228,60.17,72,73,4.9,broken clouds
371,Santiago,CL,-33.4569,-70.6483,62.04,41,20,4.61,few clouds
372,Pine Bluff,US,34.2284,-92.0032,95.32,47,1,5.01,clear sky
373,Caravelas,BR,-17.7125,-39.2481,72.21,73,57,8.46,broken clouds
374,Olga,RU,43.7444,135.2892,67.96,97,71,2.42,broken clouds
375,Kelowna,CA,49.8831,-119.4857,90.66,29,1,1.99,haze
376,Minas De Barroteran,MX,27.6333,-101.2833,95.13,26,0,7.49,clear sky
377,Dunmore East,IE,52.1514,-6.9861,71.22,72,0,8.05,clear sky
378,Broome,US,42.2506,-75.833,86.63,61,20,1.99,few clouds
379,Tromso,NO,69.6496,18.957,57.85,93,75,0.0,broken clouds
380,Antofagasta,CL,-23.65,-70.4,60.08,76,59,9.84,broken clouds
381,Andenes,NO,69.3143,16.1194,59.07,94,40,9.22,fog
382,Egvekinot,RU,66.3167,-179.1667,44.37,91,100,1.54,overcast clouds
383,Luwuk,ID,-0.9516,122.7875,75.67,84,76,5.08,broken clouds
384,Plouzane,FR,48.3833,-4.6167,66.38,82,40,9.22,scattered clouds
385,Fukuma,JP,33.7667,130.4667,80.6,72,100,5.84,overcast clouds
386,Piacabucu,BR,-10.4056,-36.4344,75.51,83,46,11.68,scattered clouds
387,Northam,GB,51.0333,-4.2167,69.73,78,50,6.26,scattered clouds
388,Robe,AU,-37.1833,139.75,56.77,82,100,24.67,overcast clouds
389,Tutoia,BR,-2.7619,-42.2744,89.58,62,65,10.02,broken clouds
390,Aklavik,CA,68.2191,-135.0107,55.4,76,75,12.66,broken clouds
391,Urucui,BR,-7.2294,-44.5561,93.72,26,6,12.66,clear sky
392,Tabatinga,BR,-4.2525,-69.9381,87.89,74,40,5.75,scattered clouds
393,Makushino,RU,55.2103,67.2442,54.34,66,0,8.16,clear sky
394,Brae,GB,60.3964,-1.353,58.91,77,7,2.06,clear sky
395,Lata,PT,40.1629,-8.3327,74.05,85,67,8.43,broken clouds
396,Buritis,BR,-15.6178,-46.4233,84.52,23,0,6.24,clear sky
397,Beisfjord,NO,68.3751,17.5988,59.05,98,100,1.36,overcast clouds
398,Poum,NC,-20.2333,164.0167,72.18,78,2,16.33,clear sky
399,Ler,SS,8.3018,30.1418,70.72,98,100,7.61,overcast clouds
400,Kytmanovo,RU,53.4593,85.4479,69.15,74,71,5.68,broken clouds
401,Somovo,RU,51.741,39.3665,64.9,59,0,0.0,clear sky
402,Korla,CN,41.7597,86.1469,88.27,12,0,8.66,clear sky
403,Sistranda,NO,63.7256,8.834,58.96,90,12,9.31,few clouds
404,Binzhou,CN,37.3667,118.0167,76.55,73,2,7.85,clear sky
405,Flin Flon,CA,54.7682,-101.865,58.84,94,75,4.61,mist
406,Vostok,RU,46.4856,135.8833,65.66,87,100,3.98,overcast clouds
407,Saint George,US,37.1041,-113.5841,94.62,40,1,4.0,clear sky
408,Bay City,US,43.5945,-83.8889,88.11,44,1,9.22,clear sky
409,Bowen,AU,-20.0167,148.2333,44.82,69,68,5.48,broken clouds
410,San Patricio,US,28.017,-97.5169,93.92,41,0,12.5,clear sky
411,Husavik,IS,66.0449,-17.3389,58.91,65,100,2.39,overcast clouds
412,Gimli,CA,50.6336,-96.9907,83.43,32,22,11.5,few clouds
413,Sao Paulo De Olivenca,BR,-3.3783,-68.8725,92.48,44,24,3.49,few clouds
414,Puerto Madryn,AR,-42.7692,-65.0385,52.84,35,94,23.89,overcast clouds
415,Perry,US,37.2506,-83.1999,90.97,39,100,7.0,overcast clouds
416,Coracora,PE,-15.0333,-73.7833,61.7,24,60,11.92,broken clouds
417,Kefamenanu,ID,-9.4467,124.4781,64.02,81,12,3.71,few clouds
418,Killybegs,IE,54.6333,-8.45,65.91,76,0,9.01,clear sky
419,San Vicente,AR,-26.6167,-54.1333,82.38,32,5,6.35,clear sky
420,Chelno-Vershiny,RU,54.4333,51.1,55.69,52,35,0.6,scattered clouds
421,Alofi,NU,-19.0595,-169.9187,66.09,100,10,2.3,clear sky
422,Bonavista,CA,48.6499,-53.1147,62.6,84,33,9.4,scattered clouds
423,Tuy Hoa,VN,13.0833,109.3,82.17,63,84,16.75,broken clouds
424,Xingyi,CN,24.1877,102.817,59.65,95,100,0.72,overcast clouds
425,Seoul,KR,37.5683,126.9778,82.0,67,0,8.05,clear sky
426,Kavieng,PG,-2.5744,150.7967,80.69,77,90,3.4,light rain
427,Plettenberg Bay,ZA,-34.0527,23.3716,59.22,48,99,4.74,overcast clouds
428,Riyadh,SA,24.6877,46.7219,100.54,14,0,8.97,clear sky
429,Sisimiut,GL,66.9395,-53.6735,44.02,76,100,5.17,light rain
430,Vesoul,FR,47.5833,5.8333,73.63,87,100,4.27,overcast clouds
431,Tazovskiy,RU,67.4667,78.7,52.11,81,100,7.94,overcast clouds
432,Rafaela,AR,-31.2503,-61.4867,66.06,47,0,7.0,clear sky
433,Srednekolymsk,RU,67.45,153.6833,40.15,76,100,15.35,overcast clouds
434,Aswan,EG,24.0934,32.907,97.9,15,0,10.36,clear sky
435,Octeville,FR,49.6261,-1.6435,64.92,64,100,11.5,overcast clouds
436,Udachnyy,RU,66.4167,112.4,70.27,55,34,8.77,scattered clouds
437,Owatonna,US,44.0839,-93.226,90.37,42,40,1.99,scattered clouds
438,Yasnyy,RU,51.0333,59.8742,64.92,57,21,8.3,few clouds
439,Kohlu,PK,29.8962,69.252,90.75,36,4,12.12,clear sky
440,Toora-Khem,RU,52.4675,96.11,59.43,97,100,1.61,light rain
441,Wuda,CN,39.4994,106.7117,77.77,43,82,4.88,broken clouds
442,Avera,US,33.194,-82.5271,89.71,51,93,3.74,overcast clouds
443,Los Llanos De Aridane,ES,28.6585,-17.9182,74.12,83,20,13.8,few clouds
444,Klaksvik,FO,62.2266,-6.589,52.72,95,100,11.18,overcast clouds
445,Araouane,ML,18.9048,-3.5265,102.58,22,30,3.2,scattered clouds
446,Port Lincoln,AU,-34.7333,135.8667,55.62,84,100,17.78,overcast clouds
447,Colares,PT,38.7992,-9.4469,73.29,74,75,10.0,broken clouds
448,Hualmay,PE,-11.0964,-77.6139,67.57,73,32,7.56,scattered clouds
449,Vanavara,RU,60.34,102.2797,62.42,70,91,3.49,overcast clouds
450,Seymchan,RU,62.8833,152.4333,58.26,96,100,5.5,light rain
451,Campoverde,PE,-8.4753,-74.8058,91.09,30,27,1.36,scattered clouds
452,Half Moon Bay,US,37.4636,-122.4286,86.23,68,40,1.01,scattered clouds
453,Naze,JP,28.3667,129.4833,77.72,90,100,17.2,moderate rain
454,Okha,RU,53.5739,142.9478,67.87,82,100,7.63,overcast clouds
455,Pedasi,PA,7.5333,-80.0333,77.09,85,100,6.71,overcast clouds
456,Kandrian,PG,-6.2167,149.55,76.33,87,79,2.95,light rain
457,Belyy Yar,RU,53.6039,91.3903,69.69,88,0,4.47,clear sky
458,Concordia,AR,-31.393,-58.0209,71.78,78,40,18.01,scattered clouds
459,Kloulklubed,PW,7.0419,134.2556,84.16,73,100,17.29,overcast clouds
460,Ambilobe,MG,-13.2,49.05,66.0,79,82,4.68,broken clouds
461,Urumqi,CN,43.801,87.6005,79.75,26,0,6.71,clear sky
462,Gornopravdinsk,RU,60.05,69.9,50.38,74,43,5.64,scattered clouds
463,Grand Gaube,MU,-20.0064,57.6608,70.38,59,0,8.99,clear sky
464,Roald,NO,62.5833,6.1333,72.0,82,96,10.36,overcast clouds
465,Bubaque,GW,11.2833,-15.8333,79.12,80,100,8.46,overcast clouds
466,Sambava,MG,-14.2667,50.1667,67.26,82,97,10.98,overcast clouds
467,Zaysan,KZ,47.4667,84.8667,72.36,41,0,9.1,clear sky
468,Dordrecht,NL,51.81,4.6736,72.39,81,100,1.99,overcast clouds
469,Taltal,CL,-25.4,-70.4833,61.0,70,24,5.37,few clouds
470,Giffoni Valle Piana,IT,40.7181,14.9424,85.37,44,99,1.9,overcast clouds
471,Nador,MA,35.174,-2.9287,91.47,36,0,19.57,clear sky
472,Muros,ES,42.7762,-9.0603,72.14,66,9,11.45,clear sky
473,Guacimo,CR,10.2104,-83.6807,87.01,89,100,1.9,overcast clouds
474,Wajima,JP,37.4,136.9,78.22,81,0,2.75,clear sky
475,Zhanaozen,KZ,43.3,52.8,87.89,24,0,17.49,clear sky
476,Vestmannaeyjar,IS,63.4427,-20.2734,51.08,85,100,21.94,overcast clouds
477,Neuquen,AR,-38.9516,-68.0591,57.09,41,0,8.05,clear sky
478,Pevek,RU,69.7008,170.3133,34.74,91,100,8.23,overcast clouds
479,Nouadhibou,MR,20.931,-17.0347,73.38,83,0,23.02,clear sky
480,Saint-Ambroise,CA,48.5501,-71.3324,67.89,88,62,3.44,broken clouds
481,Ulladulla,AU,-35.35,150.4667,55.09,64,7,12.37,clear sky
482,Margate,GB,51.3813,1.3862,68.7,79,41,1.01,scattered clouds
483,Naryan-Mar,RU,67.6713,53.087,42.04,83,41,13.51,scattered clouds
484,Luziania,BR,-16.2525,-47.9503,80.98,23,0,7.45,clear sky
485,Vite,IN,17.2833,74.55,71.44,90,84,13.2,broken clouds
486,Xinxiang,CN,35.3089,113.8672,77.54,80,100,2.44,overcast clouds
487,Faya,SA,18.3851,42.4509,68.11,75,100,4.23,overcast clouds
488,Liverpool,GB,53.4106,-2.9779,72.45,68,0,4.0,clear sky
489,Villa Bruzual,VE,9.3328,-69.1208,83.7,73,91,4.65,overcast clouds
490,Havre-Saint-Pierre,CA,50.2334,-63.5986,73.76,60,1,10.36,clear sky
491,Sulangan,PH,11.1373,123.7228,83.97,72,30,14.61,scattered clouds
492,The Valley,AI,18.217,-63.0578,86.14,79,75,17.27,broken clouds
493,Maltahohe,NA,-24.8333,16.9833,55.08,27,35,11.41,scattered clouds
494,Sabang,ID,5.8933,95.3214,82.81,78,100,9.48,overcast clouds
495,Boa Vista,BR,2.8197,-60.6733,87.78,58,75,4.61,broken clouds
496,North Platte,US,41.1239,-100.7654,86.32,59,1,1.99,clear sky
497,Cumra,TR,37.5732,32.7745,71.67,32,70,5.53,broken clouds
498,Beringovskiy,RU,63.05,179.3167,51.6,90,100,1.43,overcast clouds
499,Canete,CL,-37.8,-73.4,49.57,95,90,3.62,overcast clouds
500,Yulara,AU,-25.2406,130.9889,48.04,53,6,6.91,clear sky
501,Bogatyye Saby,RU,56.0102,50.4483,52.56,60,1,2.77,clear sky
502,College,US,64.8569,-147.8028,64.09,66,75,3.44,light rain
503,Corinto,GR,37.9407,22.9573,82.89,45,0,2.19,clear sky
504,Bam,IR,29.106,58.357,93.45,7,1,9.71,clear sky
505,Kimbe,PG,-5.5502,150.1429,75.29,92,98,2.1,light rain
506,Basoko,CD,1.2391,23.616,76.57,73,51,3.71,broken clouds
507,Nemuro,JP,43.3236,145.575,61.47,93,0,6.06,clear sky
508,Paita,PE,-5.0892,-81.1144,75.76,71,23,15.17,few clouds
509,Dudinka,RU,69.4058,86.1778,54.27,89,100,3.13,overcast clouds
510,Codrington,AU,-38.2667,141.9667,49.14,94,46,13.87,scattered clouds
511,Yumen,CN,40.2833,97.2,77.41,32,2,8.61,clear sky
512,Celestun,MX,20.8667,-90.4,86.58,64,100,11.45,overcast clouds
513,Baykit,RU,61.67,96.37,65.25,73,7,2.19,clear sky
514,Virginia Beach,US,36.8529,-75.978,90.01,59,75,16.11,broken clouds
515,Bud,US,39.447,-86.1758,88.3,80,34,2.89,scattered clouds
516,Banff,CA,51.1762,-115.5698,71.98,37,9,2.3,clear sky
517,Pacific Grove,US,36.6177,-121.9166,79.16,83,20,4.0,few clouds
518,Mangrol,IN,21.1167,70.1167,80.04,84,100,9.78,moderate rain
519,Matay,EG,28.419,30.7792,87.21,32,0,7.34,clear sky
520,Horsham,GB,51.064,-0.3272,67.3,93,40,5.75,scattered clouds
521,Ahipara,NZ,-35.1667,173.1667,57.27,92,15,9.86,few clouds
522,Providencia,MX,28.7167,-111.5833,98.62,44,16,1.01,few clouds
523,Giddarbaha,IN,30.2,74.6667,94.33,48,79,8.93,broken clouds
524,Mount Gambier,AU,-37.8333,140.7667,49.91,93,40,12.66,scattered clouds
525,Bamnet Narong,TH,15.4992,101.6897,78.71,93,100,17.25,overcast clouds
526,Lumajang,ID,-8.1335,113.2248,68.31,89,11,0.78,few clouds
527,Anadyr,RU,64.75,177.4833,52.3,93,90,5.99,fog
528,San Antonio,US,29.4241,-98.4936,96.44,51,1,1.01,clear sky
529,Ugoofaaru,MV,5.6667,73.0,81.9,78,98,19.82,overcast clouds
530,Kaseda,JP,31.4167,130.3167,79.84,84,100,15.39,overcast clouds
531,Casambalangan,PH,18.3765,122.1274,82.62,75,100,7.23,overcast clouds
532,Huayang,CN,34.4155,109.9939,63.99,80,49,5.08,light rain
533,Padang,ID,-0.9492,100.3543,77.05,86,9,3.47,clear sky
534,Mount Isa,AU,-20.7333,139.5,42.57,56,24,4.61,few clouds
535,Kruisfontein,ZA,-34.0033,24.7314,54.36,41,90,4.83,overcast clouds
536,Corner Brook,CA,48.9667,-57.9484,75.36,52,7,2.93,clear sky
537,Campbellton,CA,48.0075,-66.6727,75.65,39,100,10.2,overcast clouds
538,Barinas,VE,8.6226,-70.2075,84.76,67,99,6.31,overcast clouds
539,Nicoya,CR,10.1483,-85.452,85.55,73,100,3.56,overcast clouds
540,Talnakh,RU,69.4865,88.3972,55.27,92,100,5.03,overcast clouds
541,Taldan,RU,53.6667,124.8,56.12,97,10,2.62,clear sky
542,Voh,NC,-20.9667,164.7,64.04,92,17,2.37,few clouds
543,Okakarara,NA,-20.5833,17.4333,53.51,47,0,8.08,clear sky
544,Maceio,BR,-9.6658,-35.7353,76.44,83,75,10.36,broken clouds
545,Nampula,MZ,-15.1165,39.2666,64.35,68,20,11.5,few clouds
546,Lahij,YE,13.1667,44.5833,81.43,68,47,2.77,scattered clouds
547,Jerome,US,42.7241,-114.5186,83.75,22,1,8.05,clear sky
548,Challans,FR,46.8436,-1.8749,69.28,81,3,5.99,clear sky
549,Houma,US,29.5958,-90.7195,98.6,52,9,4.88,clear sky
550,Sri Aman,MY,1.2376,111.4621,78.85,94,97,0.0,overcast clouds
551,Springbok,ZA,-29.6643,17.8865,55.87,27,100,9.82,overcast clouds
552,Port Hawkesbury,CA,45.6169,-61.3485,77.0,65,1,7.0,clear sky
553,Taunggyi,MM,20.7833,97.0333,64.51,97,100,2.95,overcast clouds
554,Puerto Penasco,MX,31.3167,-113.5333,85.91,78,100,15.01,overcast clouds
555,Hofn,IS,64.2539,-15.2082,52.03,93,100,18.5,overcast clouds
556,Pedernales,DO,18.0384,-71.744,83.86,73,53,7.29,broken clouds
557,Abalak,RU,58.1286,68.5944,52.16,57,19,8.63,few clouds
558,Pandamatenga,BW,-18.5278,25.627,53.44,47,0,4.21,clear sky
559,Nagapattinam,IN,10.7667,79.8333,84.24,73,100,12.71,overcast clouds
560,Henties Bay,NA,-22.116,14.2845,70.41,35,38,11.16,scattered clouds
561,Samarai,PG,-10.6167,150.6667,78.31,78,100,15.21,overcast clouds
562,Hirara,JP,24.8,125.2833,83.3,89,100,18.61,overcast clouds
563,Richards Bay,ZA,-28.783,32.0377,58.1,82,0,7.02,clear sky
564,Bucerias,MX,20.75,-105.3333,91.98,68,3,6.55,clear sky
565,Marrakesh,MA,31.6315,-8.0083,95.07,21,0,9.22,clear sky
566,Labuhan,ID,-6.8844,112.2051,73.56,81,53,5.84,broken clouds
567,Pappayiannis,GR,40.8333,21.5,75.34,30,0,1.07,clear sky
568,Saint-Augustin,CA,51.226,-58.6502,75.7,47,10,16.55,clear sky
569,Besikduzu,TR,41.052,39.2284,78.69,84,65,3.8,broken clouds
570,Pozo Colorado,PY,-23.4923,-58.7972,94.24,22,100,10.36,overcast clouds
571,Bandar-E Lengeh,IR,26.5579,54.8807,95.11,63,9,11.5,clear sky
572,Nemours,FR,48.2751,2.6908,70.88,84,11,10.27,few clouds
573,Merauke,ID,-8.4667,140.3333,76.3,80,99,8.34,overcast clouds
574,Arman,RU,59.7,150.1667,53.51,99,100,6.4,light rain
575,Dmitriyevskoye,RU,45.8053,41.8967,78.53,46,11,6.51,few clouds
576,Druskininkai,LT,54.0167,23.9667,68.34,75,96,4.5,overcast clouds
577,Loa Janan,ID,-0.583,117.095,73.26,92,80,3.09,broken clouds
578,Tabou,CI,4.423,-7.3528,76.15,75,18,6.49,few clouds
579,Chau Doc,VN,10.7,105.1167,76.48,88,100,6.6,overcast clouds
580,Kotido,UG,2.9806,34.1331,65.05,73,100,11.9,overcast clouds
581,Baruun-Urt,MN,46.6806,113.2792,62.24,64,100,11.79,overcast clouds
582,Renukut,IN,24.2,83.0333,77.95,85,100,6.64,overcast clouds
583,Boende,CD,-0.2167,20.8667,79.41,53,45,3.18,scattered clouds
584,Umm Bab,QA,25.2142,50.8072,98.28,60,0,6.24,clear sky
585,Maragogi,BR,-9.0122,-35.2225,75.67,85,14,13.49,few clouds
586,Manvi,IN,15.9833,77.05,76.21,80,8,16.04,clear sky
587,Verkhoyansk,RU,67.5447,133.385,58.55,67,90,2.71,overcast clouds
588,Tezu,IN,27.9167,96.1667,77.22,97,99,2.98,overcast clouds
589,Montepuez,MZ,-13.1256,38.9997,65.14,55,24,9.82,few clouds
590,Itarema,BR,-2.9248,-39.9167,83.93,58,27,17.43,scattered clouds
591,Batemans Bay,AU,-35.7167,150.1833,59.09,61,4,8.43,clear sky
592,Yangjiang,CN,21.85,111.9667,80.53,86,6,3.31,clear sky
593,Rassvet,RU,46.8333,40.75,79.84,46,0,6.71,clear sky
594,Althofen,AT,46.8818,14.4676,77.25,79,32,2.13,scattered clouds
595,Isola Della Scala,IT,45.2722,11.009,85.75,66,20,11.5,few clouds
596,Kralendijk,BQ,12.15,-68.2667,85.98,70,40,13.8,scattered clouds
597,Nelson Bay,AU,-32.7167,152.15,54.75,62,0,4.0,clear sky
598,Beysehir,TR,37.6773,31.7246,65.55,56,39,0.92,scattered clouds
599,Zmeinogorsk,RU,51.1567,82.195,67.14,57,29,6.22,scattered clouds
600,Altay,CN,47.8667,88.1167,67.06,55,83,4.03,broken clouds
601,Bluefield,US,37.2698,-81.2223,88.63,59,100,3.0,overcast clouds
602,West Wendover,US,40.7391,-114.0733,87.01,14,1,8.05,clear sky
603,Koslan,RU,63.4564,48.8989,51.82,94,100,4.68,overcast clouds
604,Shimoda,JP,34.6667,138.95,77.11,87,7,7.29,clear sky
605,Cabedelo,BR,-6.9811,-34.8339,81.27,76,4,14.88,clear sky
606,Benghazi,LY,32.1167,20.0667,81.36,57,0,15.03,clear sky
607,Bursa,TR,40.1667,29.0833,69.84,73,7,5.1,clear sky
608,Alta Floresta,BR,-9.8756,-56.0861,94.82,29,40,3.44,scattered clouds
609,Rovaniemi,FI,66.5,25.7167,65.61,68,0,3.44,clear sky
610,El Dorado,US,38.7666,-120.5177,96.8,23,19,1.01,few clouds
611,Kawalu,ID,-7.3817,108.2082,66.49,97,23,1.28,few clouds
612,Mocuba,MZ,-16.8392,36.9856,61.56,82,53,5.23,light rain
613,Vuktyl,RU,63.8567,57.3094,50.85,75,99,5.26,overcast clouds
614,Bonthe,SL,7.5264,-12.505,77.85,78,100,8.34,overcast clouds
615,Miri,MY,4.4148,114.0089,84.34,84,40,3.44,scattered clouds
616,Kattivakkam,IN,13.2167,80.3167,80.69,65,81,12.66,broken clouds
617,Rong Kwang,TH,18.339,100.3174,74.52,98,100,2.93,light rain
618,Ocampo,MX,21.65,-101.5,74.28,35,0,6.78,clear sky
619,Abu Zabad,SD,12.35,29.25,78.62,73,100,10.27,overcast clouds
620,Forestville,US,38.8451,-76.875,92.26,60,40,9.22,scattered clouds
621,Atar,MR,20.5169,-13.0499,109.29,11,97,3.38,overcast clouds
622,Ovalle,CL,-30.5983,-71.2003,64.85,33,0,5.84,clear sky
623,Kem,RU,64.9555,34.5793,59.58,63,100,4.5,overcast clouds
624,Gat,IL,31.61,34.7642,81.79,100,1,8.23,clear sky
625,Kikwit,CD,-5.041,18.8162,81.34,26,32,3.87,scattered clouds
626,Rodeo,US,38.033,-122.2669,86.43,71,33,5.99,scattered clouds
627,Puerto Escondido,MX,15.85,-97.0667,87.93,65,100,8.52,overcast clouds
628,Qasigiannguit,GL,68.8193,-51.1922,46.29,53,99,4.16,overcast clouds
629,Olive Branch,US,34.9618,-89.8295,96.57,58,40,1.99,scattered clouds
630,Luan,CH,46.3592,6.9759,65.03,81,100,0.63,overcast clouds
631,Wagga Wagga,AU,-35.1167,147.3667,48.61,100,90,9.22,overcast clouds
632,Kropotkin,RU,45.4375,40.5756,74.93,50,1,8.43,clear sky
633,Penzance,GB,50.1186,-5.5371,66.76,84,18,10.18,few clouds
634,Pangnirtung,CA,66.1451,-65.7125,50.0,100,90,0.0,overcast clouds
635,Jaca,ES,42.569,-0.5499,78.01,68,57,5.57,broken clouds
636,Puerto Carreno,CO,6.189,-67.4859,84.72,63,96,3.22,overcast clouds
637,Namatanai,PG,-3.6667,152.4333,78.53,84,98,1.97,overcast clouds
638,Hit,IQ,33.6416,42.8251,101.84,15,0,9.35,clear sky
639,Emerald,AU,-23.5333,148.1667,46.98,53,4,5.75,clear sky
640,Neftcala,AZ,39.3742,49.2472,81.57,64,0,11.63,clear sky
641,Torbat-E Jam,IR,35.244,60.6225,88.02,14,0,19.8,clear sky
642,Andilamena,MG,-17.0167,48.5833,55.74,91,100,9.55,overcast clouds
643,Darabani,RO,48.1833,26.5833,75.6,63,5,6.58,clear sky
644,Tongliao,CN,43.6125,122.2653,73.38,86,100,8.34,overcast clouds
645,Salinopolis,BR,-0.6136,-47.3561,84.22,66,100,11.07,overcast clouds
646,Iwanai,JP,42.9744,140.5089,68.11,97,34,5.59,scattered clouds
647,Guerrero,MX,17.6667,-100.0,81.54,56,53,3.53,broken clouds
648,Inuvik,CA,68.3499,-133.7218,55.44,87,90,11.5,overcast clouds
649,Whitefish,US,48.4111,-114.3376,86.11,32,0,2.66,clear sky
650,Chaihe,CN,44.7667,129.7,69.91,82,100,3.78,overcast clouds
651,Priyutovo,RU,53.9,53.9333,53.44,53,3,7.96,clear sky
652,Grodig,AT,47.7333,13.0333,70.86,82,40,3.44,scattered clouds
653,Bure,ET,10.7,37.0667,57.34,99,100,1.07,moderate rain
654,Ifanadiana,MG,-21.3,47.6333,57.11,88,100,2.98,overcast clouds
655,Alberton,CA,46.8168,-64.0654,77.13,53,1,16.22,clear sky
656,San Quintin,MX,30.4833,-115.95,69.82,80,100,8.48,overcast clouds
657,Pittsburg,US,38.028,-121.8847,86.38,38,21,1.99,few clouds
658,Gari,RU,59.4307,62.3497,54.79,64,100,6.93,overcast clouds
659,Tateyama,JP,34.9833,139.8667,81.01,84,65,9.01,broken clouds
660,Kapit,MY,2.0167,112.9333,74.73,99,98,1.28,overcast clouds
661,Pietarsaari,FI,63.65,22.6833,69.01,67,100,8.3,overcast clouds
662,Ust-Tsilma,RU,65.441,52.1498,45.46,97,98,5.82,overcast clouds
663,Eureka,US,40.8021,-124.1637,61.99,81,100,5.99,overcast clouds
664,Indramayu,ID,-6.3264,108.32,75.16,76,0,7.25,clear sky
665,Laizhou,CN,37.1717,119.9214,75.25,92,84,7.0,broken clouds
666,Wasilla,US,61.5814,-149.4394,61.07,73,90,0.0,overcast clouds
667,Santa Catarina De Tepehuanes,MX,25.35,-105.7333,81.46,35,97,8.57,overcast clouds
668,Deming,US,32.2687,-107.7586,78.98,36,40,3.6,scattered clouds
669,Huilong,CN,31.8111,121.655,81.03,93,100,37.8,light rain
670,Ruhengeri,RW,-1.4998,29.635,63.64,62,100,2.48,overcast clouds
671,Ternate,ID,0.8,127.4,80.4,79,100,5.32,overcast clouds
672,Hohhot,CN,40.8106,111.6522,70.09,94,40,6.71,mist
673,Comodoro Rivadavia,AR,-45.8667,-67.5,48.06,40,20,14.97,few clouds
674,Maumere,ID,-8.6199,122.2111,74.75,71,51,4.5,broken clouds
675,Mount Pleasant,US,32.7941,-79.8626,90.99,69,1,1.99,clear sky
676,Tvoroyri,FO,61.5556,-6.8111,52.99,94,100,7.07,overcast clouds
677,Rock Springs,US,41.5875,-109.2029,86.23,16,5,5.01,clear sky
678,Ranong,TH,9.9658,98.6348,78.98,88,100,9.44,overcast clouds
679,Madera,US,37.1666,-119.8343,101.39,26,34,3.0,scattered clouds
680,Rio Gallegos,AR,-51.6226,-69.2181,39.25,70,40,20.71,scattered clouds
681,Dona Ines,BR,-6.6167,-35.6333,77.07,58,90,14.09,overcast clouds
682,Venice,US,27.0998,-82.4543,94.23,66,40,11.5,scattered clouds
683,Mayo,US,38.8876,-76.5119,93.06,68,1,1.01,clear sky
684,Sehithwa,BW,-20.4667,22.7167,53.96,48,0,8.88,clear sky
685,Antibes,FR,43.5624,7.1278,80.96,81,75,3.44,broken clouds
686,Komsomolskiy,UZ,40.4272,71.7189,84.92,30,0,6.91,clear sky
687,Bhinmal,IN,25.0,72.25,82.2,85,100,13.87,moderate rain
688,Staryy Nadym,RU,65.6118,72.6842,48.43,81,100,11.05,overcast clouds
689,Grand Forks,US,47.9417,-97.4337,91.33,5,1,12.66,clear sky
690,Luena,AO,-11.7833,19.9167,58.08,46,0,5.68,clear sky
691,Marfino,RU,55.7028,37.3822,68.88,62,0,4.47,clear sky
692,Vesyegonsk,RU,58.664,37.2604,61.27,62,87,5.48,overcast clouds
693,Gweru,ZW,-19.45,29.8167,46.99,63,80,9.64,broken clouds
694,Kupang,ID,-10.1667,123.5833,71.13,77,8,5.12,clear sky
695,Yabrud,SY,33.9674,36.6574,73.06,42,0,1.1,clear sky
696,Pisco,PE,-13.7,-76.2167,66.25,72,75,8.05,broken clouds
697,Arenal,CO,8.4593,-73.9433,77.02,90,100,2.75,overcast clouds
698,Antalaha,MG,-14.9003,50.2788,66.29,79,100,7.36,overcast clouds
699,Maracaju,BR,-21.6144,-55.1683,90.95,23,0,10.69,clear sky
700,Sunel,IN,24.3667,75.9667,78.53,91,100,15.52,overcast clouds
701,Kahuta,PK,33.5913,73.3868,88.84,55,2,4.23,clear sky
702,San Carlos De Bariloche,AR,-41.1456,-71.3082,42.55,65,40,14.97,scattered clouds
703,Westport,US,41.1415,-73.3579,83.08,85,100,1.99,overcast clouds
704,Boca Del Monte,MX,19.15,-96.8167,79.57,58,31,5.5,scattered clouds
705,Tshikapa,CD,-6.4167,20.8,77.63,31,72,3.06,broken clouds
706,Cerro Azul,MX,21.2,-97.7333,92.05,49,41,10.87,scattered clouds
707,Silver City,US,32.7701,-108.2803,76.03,54,40,1.99,scattered clouds
708,Eatonton,US,33.3268,-83.3885,93.58,66,99,4.72,overcast clouds
709,Benicarlo,ES,40.4165,0.4271,72.25,66,1,4.45,clear sky
710,Luknovo,RU,56.1983,42.04,61.14,55,99,3.85,overcast clouds
711,Jega,NG,12.2175,4.3792,84.9,61,100,6.24,light rain
712,Airai,TL,-8.9266,125.4092,55.89,53,76,3.2,broken clouds
713,Udayagiri,IN,20.1333,84.3833,73.44,85,100,5.93,overcast clouds
714,Andra,RU,62.5147,65.8878,46.9,78,0,6.15,clear sky
715,Mehamn,NO,71.0357,27.8492,46.31,85,100,14.03,overcast clouds
716,Arona,ES,28.0996,-16.681,74.01,65,0,20.71,clear sky
717,Roebourne,AU,-20.7833,117.1333,69.57,42,10,6.89,light rain
718,Xuanwu,CN,32.069,118.8138,78.8,94,100,15.59,overcast clouds
719,Timbiras,BR,-4.2553,-43.9406,93.83,30,55,3.91,broken clouds
720,Kanzaki,JP,33.3,130.3667,79.12,43,100,3.22,overcast clouds
721,Choix,MX,26.7092,-108.3219,94.44,42,0,4.99,clear sky
722,Harper,LR,4.375,-7.7169,76.46,75,43,7.16,scattered clouds
723,Filadelfia,US,39.9523,-75.1638,89.44,65,55,5.01,broken clouds
724,Inirida,CO,3.8653,-67.9239,82.6,74,100,1.41,overcast clouds
725,Atakpame,TG,7.5333,1.1333,74.73,76,77,3.09,light rain
726,Mogadishu,SO,2.0371,45.3438,76.12,79,90,21.88,light rain
727,Tura,IN,25.5198,90.2201,75.74,96,100,5.79,overcast clouds
728,Baherden,TM,38.4362,57.4316,95.85,28,0,9.01,clear sky
729,Mastic Beach,US,40.7668,-72.8521,81.03,87,100,1.99,overcast clouds
730,Hailar,CN,49.2,119.7,57.56,88,100,3.29,overcast clouds
731,Kouroussa,GN,10.65,-9.8833,74.91,88,84,4.12,light rain
732,Cairns,AU,-16.9167,145.7667,67.95,73,90,10.36,overcast clouds
733,Gazojak,TM,41.1875,61.4036,92.35,26,0,19.1,clear sky
734,Okhotsk,RU,59.3833,143.3,55.99,98,100,3.58,heavy intensity rain
735,Borjomi,GE,41.8527,43.4128,65.8,96,17,3.69,few clouds
736,Kokopo,PG,-4.352,152.2633,77.27,83,100,4.27,overcast clouds
737,Churapcha,RU,62.0025,132.4325,53.92,88,5,4.52,clear sky
738,Kalundborg,DK,55.6795,11.0886,73.81,66,97,17.54,overcast clouds
739,Zamoly,HU,47.3167,18.4081,84.47,59,5,7.78,clear sky
740,Iskateley,RU,67.6803,53.1512,41.97,83,40,13.47,scattered clouds
741,Thinadhoo,MV,0.5333,72.9333,82.18,69,42,2.01,scattered clouds
742,Uberaba,BR,-19.7483,-47.9319,81.18,19,0,4.61,clear sky
743,Grand-Santi,GF,4.25,-54.3833,83.41,72,63,4.72,broken clouds
744,Hearst,CA,49.6835,-83.6665,75.45,60,100,7.29,overcast clouds
745,Anloga,GH,5.7947,0.8973,79.02,79,10,16.04,clear sky
746,Andalan,PH,5.9594,121.3903,80.26,80,92,7.52,overcast clouds
747,Burns Lake,CA,54.2331,-125.7533,54.82,52,55,7.18,broken clouds
748,Bucsani,RO,44.8667,25.65,77.45,55,0,2.86,clear sky
749,San-Pedro,CI,4.7485,-6.6363,75.65,79,17,5.73,few clouds
750,Salisbury,GB,51.0693,-1.7957,70.34,78,100,7.47,overcast clouds
751,Columbus,US,39.9612,-82.9988,89.65,63,75,1.01,broken clouds
752,Masuguru,TZ,-11.3667,38.4167,72.64,40,49,3.29,scattered clouds
753,Clearlake,US,38.9582,-122.6264,97.18,19,85,3.94,overcast clouds
754,Rocha,UY,-34.4833,-54.3333,71.71,75,16,9.89,few clouds
755,Namie,JP,37.4833,141.0,71.98,97,84,6.67,broken clouds
756,Zhigansk,RU,66.7697,123.3711,57.85,65,54,8.81,broken clouds
757,Gurupa,BR,-1.405,-51.64,93.18,36,99,4.9,overcast clouds
758,Melendugno,IT,40.2747,18.3368,87.46,53,6,7.83,clear sky
759,Dauphin,CA,51.1494,-100.0502,78.94,41,1,11.5,clear sky
760,Sioux Lookout,CA,50.1001,-91.917,79.18,41,20,16.11,few clouds
761,Butembo,CD,0.15,29.2833,60.57,82,90,2.75,overcast clouds
762,Prince George,CA,53.9166,-122.753,60.24,76,75,4.61,light rain
763,Boguchany,RU,58.3814,97.4531,65.19,68,100,2.33,overcast clouds
764,Fairlie,GB,55.756,-4.8556,73.22,76,21,4.12,few clouds
765,Huarmey,PE,-10.0681,-78.1522,68.77,73,13,8.1,few clouds
766,Sungairaya,ID,0.7,108.9,78.93,89,49,6.76,scattered clouds
767,Ati,TD,13.2154,18.3353,77.59,72,95,6.96,overcast clouds
768,Debre Tabor,ET,11.85,38.0167,51.51,91,100,0.45,overcast clouds
769,Marzuq,YE,14.4,46.4667,74.3,77,100,7.81,overcast clouds
770,Khandyga,RU,62.6667,135.6,55.35,96,83,2.57,broken clouds
771,Lardos,GR,36.0942,28.0157,84.02,59,0,4.72,clear sky
772,Port Macquarie,AU,-31.4333,152.9167,53.56,59,0,7.38,clear sky
773,Balabac,PH,7.9868,117.0645,83.37,81,14,9.82,few clouds
774,Tilichiki,RU,60.4667,166.1,52.65,99,100,4.36,overcast clouds
775,Kodinsk,RU,58.6881,99.1844,65.86,62,48,2.68,scattered clouds
776,Inhambane,MZ,-23.865,35.3833,66.18,77,40,8.99,drizzle
777,Narrabri,AU,-30.3167,149.7833,32.09,93,0,0.0,clear sky
778,Yerbogachen,RU,61.2767,108.0108,62.13,65,60,1.25,broken clouds
779,Banjar,ID,-8.19,114.9675,73.26,74,24,3.0,few clouds
780,Bergen,NO,60.392,5.328,73.81,53,75,8.05,light rain
781,Nalbari,IN,26.4456,91.4354,80.38,92,100,5.93,overcast clouds
782,Perth,AU,-31.9333,115.8333,56.05,90,75,10.36,broken clouds
783,Weligama,LK,5.9667,80.4167,77.86,87,98,11.1,overcast clouds
784,Albion,US,42.2431,-84.753,86.32,39,1,4.61,clear sky
785,Havre,FR,49.5833,0.3333,66.63,82,75,9.22,broken clouds
786,Deputatskiy,RU,69.3,139.9,44.55,76,6,2.86,clear sky
787,Puerto Baquerizo Moreno,EC,-0.9,-89.6,72.39,75,7,13.49,clear sky
788,Vryburg,ZA,-26.9566,24.7284,44.02,40,4,7.16,clear sky
789,Zaqatala,AZ,41.6336,46.6433,75.67,83,40,2.3,scattered clouds
790,Jamame,SO,0.0722,42.7506,74.79,74,30,14.36,scattered clouds
791,Ketchikan,US,55.3422,-131.6461,58.91,78,96,2.3,light rain
792,Aquiraz,BR,-3.9014,-38.3911,84.29,66,2,12.08,clear sky
793,Yar-Sale,RU,66.8333,70.8333,48.07,80,78,16.13,broken clouds
794,Martapura,ID,-3.4167,114.85,71.69,100,4,2.3,clear sky
795,Kieta,PG,-6.2167,155.6333,78.55,84,36,0.45,light rain
796,Svetlaya,RU,46.5389,138.3297,68.81,86,21,5.3,few clouds
797,Tailai,CN,46.3833,123.4,69.53,97,100,4.27,light rain
798,Nova Olimpia,BR,-14.7972,-57.2881,98.42,18,6,8.05,clear sky
799,Ranau,MY,5.9538,116.6641,74.05,86,99,1.66,moderate rain
800,Kampong Chhnang,KH,12.1667,104.55,75.43,83,100,0.78,overcast clouds
801,Caconda,AO,-13.7333,15.0667,60.84,28,0,3.22,clear sky
802,Port Said,EG,31.2565,32.2841,82.38,74,40,10.36,scattered clouds
803,Noumea,NC,-22.2763,166.4572,69.01,99,74,6.93,broken clouds
804,Tomatlan,MX,19.9333,-105.25,91.49,57,6,6.98,clear sky
805,Saint-Francois,FR,46.4154,3.9054,71.04,65,0,4.61,clear sky
806,Saint-Pierre,RE,-21.3393,55.4781,69.44,77,0,5.75,clear sky
807,Bulawayo,ZW,-20.15,28.5833,48.96,55,80,11.74,broken clouds
808,Kidal,ML,18.4411,1.4078,89.29,38,99,14.54,overcast clouds
809,Kamaishi,JP,39.2667,141.8833,70.75,88,77,5.99,broken clouds
810,Almargem Do Bispo,PT,38.8491,-9.2668,72.32,77,75,9.22,broken clouds
811,Morehead,US,37.2711,-87.1764,94.1,66,40,3.44,scattered clouds
812,Nishihara,JP,26.1842,127.7558,80.26,94,75,12.66,light rain
813,Mandera,KE,3.9366,41.867,84.07,35,100,21.3,overcast clouds
814,Sterling,US,39.0062,-77.4286,92.46,58,1,8.01,clear sky
815,Makubetsu,JP,45.3714,141.8211,69.8,91,12,5.79,few clouds
816,Teguise,ES,29.0605,-13.564,71.82,69,20,27.63,few clouds
817,Natal,BR,-5.795,-35.2094,84.85,58,40,17.27,scattered clouds
818,Drayton Valley,CA,53.2168,-114.9854,66.9,47,98,4.7,overcast clouds
819,Skagen,DK,57.7209,10.5839,73.27,61,100,10.94,overcast clouds
820,Liwale,TZ,-9.7667,37.9333,63.88,48,0,6.67,clear sky
821,El Prat De Llobregat,ES,41.3278,2.0947,81.0,72,20,8.05,few clouds
822,Madhogarh,IN,26.276,79.1869,87.46,67,100,8.55,overcast clouds
823,Zwedru,LR,6.0667,-8.1281,74.68,81,66,3.69,broken clouds
824,Dzaoudzi,YT,-12.7887,45.2699,76.89,65,0,14.97,clear sky
825,Giyon,ET,8.5333,37.9833,55.6,97,100,2.13,overcast clouds
826,Pacifica,US,37.6138,-122.4869,86.63,79,40,7.0,scattered clouds
827,Sao Felix Do Xingu,BR,-6.6447,-51.995,96.17,22,89,4.7,overcast clouds
828,Warrnambool,AU,-38.3833,142.4833,51.82,91,84,17.49,broken clouds
829,Horodnya,UA,51.8909,31.5974,63.46,87,12,6.29,few clouds
830,Hambantota,LK,6.1241,81.1185,77.34,100,75,6.91,broken clouds
831,Mareeba,AU,-17.0,145.4333,63.32,83,100,2.13,overcast clouds
832,Balad,IQ,34.0164,44.1453,102.24,15,0,10.8,clear sky
833,Cervo,ES,43.6702,-7.4101,68.2,87,50,4.59,scattered clouds
834,Batalha,BR,-9.6778,-37.1247,77.32,70,52,14.54,broken clouds
835,Prestea,GH,5.4327,-2.1428,74.91,74,79,7.11,broken clouds
836,Roscommon,IE,53.6333,-8.1833,69.62,75,54,9.22,broken clouds
837,Catamarca,AR,-28.4696,-65.7852,76.64,45,0,1.99,clear sky
838,Lazaro Cardenas,MX,17.9583,-102.2,86.36,71,22,7.25,few clouds
839,Kuusamo,FI,65.9667,29.1833,62.64,72,40,10.36,scattered clouds
840,Whitehorse,CA,60.7161,-135.0538,63.1,51,75,4.61,broken clouds
841,Kulhudhuffushi,MV,6.6221,73.07,81.84,78,100,19.51,overcast clouds
842,Grants Pass,US,42.439,-123.3284,90.88,41,1,1.01,clear sky
843,Casas Grandes,MX,30.3667,-107.95,79.45,44,38,3.33,scattered clouds
844,Bilma,NE,18.6853,12.9164,91.85,39,89,12.97,overcast clouds
845,Noyabrsk,RU,63.1994,75.4507,54.68,88,100,16.24,moderate rain
846,Mezen,RU,65.8522,44.24,46.9,80,100,7.27,overcast clouds
847,Gamba,GA,-2.65,10.0,71.58,87,94,5.3,overcast clouds
848,Saint-Louis,SN,16.3333,-15.0,101.84,36,9,15.1,clear sky
849,Santa Maria,BR,-29.6842,-53.8069,83.5,37,40,21.85,scattered clouds
850,Suntar,RU,62.1444,117.6319,61.36,74,32,3.2,scattered clouds
851,Ulaangom,MN,49.9811,92.0667,66.07,61,100,0.96,overcast clouds
852,Krasnyy Yar,RU,46.5331,48.3456,78.73,33,0,1.59,clear sky
853,Gladstone,AU,-23.85,151.25,49.93,62,5,5.75,clear sky
854,Fairview,US,40.8126,-73.999,85.82,70,75,3.44,broken clouds
855,Yakeshi,CN,49.2833,120.7333,55.62,91,100,2.55,overcast clouds
856,Zeya,RU,53.75,127.2667,61.92,94,96,2.48,light rain
857,Newport,GB,51.5877,-2.9984,72.12,74,99,4.9,overcast clouds
858,Pimentel,PE,-6.8367,-79.9342,71.89,79,90,5.01,overcast clouds
859,Tahoua,NE,14.8888,5.2692,91.38,49,0,9.22,clear sky
860,Bantou,CN,26.2151,117.4893,73.53,96,20,3.09,few clouds
861,Neiafu,TO,-18.65,-173.9833,74.08,94,40,0.0,scattered clouds
862,Verkhovazhye,RU,60.7472,42.0465,57.94,65,80,5.84,broken clouds
863,Chicama,PE,-7.8447,-79.1469,68.54,61,11,10.74,few clouds
864,Talaya,RU,61.3833,152.75,56.03,90,100,6.69,light rain
865,Pidvynohradiv,UA,48.1395,22.9719,75.83,56,27,7.29,scattered clouds
866,Coron,PH,11.9986,120.2043,81.18,85,100,9.26,overcast clouds
867,Burpengary,AU,-27.1575,152.9576,54.01,65,0,5.5,clear sky
868,Longkou,CN,37.6508,120.3286,76.91,83,7,7.43,clear sky
869,Barabinsk,RU,55.3571,78.357,68.29,76,81,5.93,light rain
870,Zhicheng,CN,30.2956,111.5047,76.59,84,0,3.58,light rain
871,Kongoussi,BF,13.3258,-1.5347,88.34,48,95,11.25,overcast clouds
872,Ryotsu,JP,38.0833,138.4333,78.04,82,0,3.87,clear sky
873,Zhob,PK,31.3411,69.4481,88.11,41,0,3.53,clear sky
874,Callaguip,PH,18.0714,120.4867,81.59,85,97,21.16,overcast clouds
875,Varhaug,NO,58.6147,5.6457,71.85,66,100,7.74,overcast clouds
876,Farkhor,TJ,37.4922,69.4036,90.48,16,0,0.36,clear sky
877,Sabha,LY,27.0377,14.4283,86.74,16,0,11.36,clear sky
878,Axim,GH,4.8699,-2.2405,76.1,76,78,9.42,broken clouds
879,Loreto,MX,22.2667,-101.9667,77.59,28,10,4.79,clear sky
880,Maturin,VE,9.75,-63.1767,85.33,69,87,4.29,overcast clouds
881,Binucayan,PH,8.25,125.7167,73.8,90,100,2.17,overcast clouds
882,Mombasa,KE,-4.0547,39.6636,74.26,76,5,18.1,clear sky
883,Atambua,ID,-9.1061,124.8925,66.83,73,75,3.78,broken clouds
884,Bandundu,CD,-3.3167,17.3667,82.53,28,94,1.32,overcast clouds
885,Conceicao Da Barra,BR,-18.5933,-39.7322,74.07,57,83,7.85,broken clouds
886,Oksfjord,NO,70.2396,22.3479,51.87,99,100,0.83,overcast clouds
887,Patrocinio,BR,-18.9439,-46.9925,76.96,25,0,6.33,clear sky
888,High Level,CA,58.5169,-117.136,69.17,56,34,3.36,light rain
889,Nantucket,US,41.2835,-70.0995,71.01,89,98,25.7,moderate rain
890,Dhidhdhoo,MV,6.8833,73.1,81.95,77,100,19.6,overcast clouds
891,Izmaylovo,RU,53.7211,47.2458,60.58,56,100,1.54,overcast clouds
892,Goldsboro,US,35.3849,-77.9928,90.95,55,1,4.61,clear sky
893,Fostoria,US,41.157,-83.4169,88.16,59,9,8.99,clear sky
894,Dharmadam,IN,11.7833,75.4333,77.7,88,99,7.78,moderate rain
895,Walvis Bay,NA,-22.9575,14.5053,71.96,28,8,8.57,clear sky
896,Juneau,US,58.3019,-134.4197,59.85,90,96,1.52,light rain
897,Sibolga,ID,1.7427,98.7792,76.87,83,21,3.18,few clouds
898,Havoysund,NO,70.9963,24.6622,47.28,74,100,8.21,overcast clouds
899,Birjand,IR,32.8663,59.2211,81.0,17,0,31.79,clear sky
900,Havelock,US,34.8791,-76.9013,86.99,71,100,5.01,overcast clouds
901,Sabla,NG,12.7525,4.7077,85.84,58,100,9.35,overcast clouds
902,Maxixe,MZ,-23.8597,35.3472,64.06,74,100,9.69,light rain
903,Ngunguru,NZ,-35.6167,174.5,56.16,90,78,14.94,broken clouds
904,Beyneu,KZ,45.3167,55.2,89.98,19,83,10.47,broken clouds
905,Dossor,KZ,47.5272,52.9811,83.57,25,0,17.92,clear sky
906,Tortoli,IT,39.9256,9.6572,80.98,61,100,11.12,overcast clouds
907,Uribia,CO,11.7139,-72.266,85.03,65,100,9.06,overcast clouds
908,Poya,NC,-21.35,165.15,65.16,90,5,0.51,clear sky
909,Orlik,RU,52.5178,99.825,52.47,84,0,1.28,clear sky
910,Tiznit,MA,29.5833,-9.5,83.03,33,0,6.04,clear sky
911,Aden,YE,12.7794,45.0367,83.3,77,15,18.32,few clouds
912,Jumla,NP,29.2747,82.1838,65.82,98,100,0.98,overcast clouds
913,Andes,CO,5.6561,-75.8788,77.99,88,96,3.0,overcast clouds
914,Solton,RU,52.8429,86.4787,63.82,91,33,3.78,scattered clouds
915,Varniai,LT,55.7406,22.3644,71.29,71,18,7.16,few clouds
916,Borogontsy,RU,62.6683,131.1683,54.32,72,1,4.03,clear sky
917,Belen,TR,36.4891,36.2233,75.02,86,0,5.93,clear sky
918,Mongu,ZM,-15.2484,23.1274,61.54,39,0,10.42,clear sky
919,Hamada,JP,34.8833,132.0833,73.99,75,61,4.36,broken clouds
920,Homer,US,59.6425,-151.5483,66.07,87,92,4.0,overcast clouds
921,Kauhajoki,FI,62.4333,22.1833,73.38,71,14,4.43,few clouds
922,Marsaxlokk,MT,35.8419,14.5431,82.08,61,0,4.61,clear sky
923,Bilibino,RU,68.0546,166.4372,46.2,72,49,4.21,scattered clouds
924,Trelew,AR,-43.249,-65.3051,52.47,31,7,22.15,clear sky
925,Oxford,GB,51.7522,-1.256,71.47,80,75,3.44,broken clouds
926,Tenamaxtlan,MX,20.2167,-104.1667,82.29,43,13,1.61,few clouds
927,Ucluelet,CA,48.9329,-125.5528,80.04,86,1,3.0,clear sky
928,Carutapera,BR,-1.195,-46.02,83.08,68,99,9.42,overcast clouds
929,Ronkonkoma,US,40.8154,-73.1123,81.63,82,100,1.99,overcast clouds
930,Rakaia,NZ,-43.75,172.0167,52.81,78,100,9.4,moderate rain
931,Port-Gentil,GA,-0.7193,8.7815,75.81,79,96,9.55,overcast clouds
932,Maputo,MZ,-25.9653,32.5892,64.08,72,75,5.75,broken clouds
933,Moron,AR,-34.6534,-58.6198,59.97,96,93,5.99,overcast clouds
934,Ganzhou,CN,28.8184,115.4327,78.03,80,57,2.66,broken clouds
935,Ghanzi,BW,-21.5667,21.7833,50.85,52,1,9.42,clear sky
936,Bukama,CD,-9.2,25.85,71.91,34,14,4.65,few clouds
937,Belmonte,BR,-15.8631,-38.8828,73.02,75,77,10.92,broken clouds
938,Moundsville,US,39.9203,-80.7431,86.2,74,73,5.03,broken clouds
939,Muhlacker,DE,48.95,8.8333,74.77,87,19,3.15,few clouds
940,Kurumkan,RU,54.3,110.3,60.69,67,50,1.95,scattered clouds
941,San Policarpo,PH,12.1791,125.5072,79.68,81,15,7.76,few clouds
942,Rajpipla,IN,21.8667,73.5,77.02,97,100,7.54,overcast clouds
943,Jadu,LY,31.953,12.0261,83.16,22,0,11.61,clear sky
944,Bardsir,IR,29.9227,56.5743,77.36,9,0,6.31,clear sky
945,Tagusao,PH,9.1924,117.8141,81.19,81,51,10.18,broken clouds
946,Filingue,NE,14.3521,3.3168,94.23,40,100,11.81,overcast clouds
947,Mitu,CO,1.1983,-70.1733,74.37,90,93,2.17,overcast clouds
948,Praya,CV,14.9215,-23.5087,81.14,57,20,13.8,few clouds
949,Banyo,CM,6.75,11.8167,65.75,96,100,3.09,light rain
950,Aksu,CN,41.1231,80.2644,86.22,27,0,1.68,clear sky
951,New Bern,US,35.1085,-77.0441,87.89,65,100,3.0,overcast clouds
952,Benito Juarez,MX,19.385,-99.165,75.02,39,40,1.01,scattered clouds
953,Ardabil,IR,38.2498,48.2933,63.95,100,90,19.57,fog
954,Tombouctou,ML,20.0,-3.0,101.19,21,1,8.77,clear sky
955,Abu Dhabi,AE,24.4667,54.3667,92.8,72,71,7.25,broken clouds
956,Lima,PE,-12.0432,-77.0282,63.14,72,90,6.91,overcast clouds
957,Shenzhen,CN,22.5455,114.0683,86.27,93,74,4.56,broken clouds
958,Capul,PH,12.4237,124.1811,83.41,78,82,20.29,broken clouds
959,Leshukonskoye,RU,64.8989,45.7622,47.3,81,96,4.32,overcast clouds
960,Dombarovskiy,RU,50.7587,59.5386,67.87,52,39,7.99,scattered clouds
961,Saint Anthony,US,45.0205,-93.218,93.25,28,20,3.0,few clouds
962,Dicabisagan,PH,17.0818,122.4157,80.83,74,100,3.87,overcast clouds
963,Keffi,NG,8.8486,7.8736,72.86,91,72,2.84,light rain
964,Lufilufi,WS,-13.8745,-171.5986,81.03,74,47,14.2,scattered clouds
965,Lugo,ES,43.0,-7.5,67.77,85,100,21.99,overcast clouds
966,Marataizes,BR,-21.0433,-40.8244,72.75,63,0,17.52,clear sky
967,Athabasca,CA,54.7169,-113.2854,74.89,27,100,12.44,overcast clouds
968,Sept-Iles,CA,50.2001,-66.3821,69.26,83,100,10.0,overcast clouds
969,Mathbaria,BD,22.2876,89.9593,81.25,91,100,5.91,overcast clouds
970,Kavali,IN,14.9167,79.9833,88.25,54,6,11.52,clear sky
971,Roma,US,43.2128,-75.4557,86.13,60,20,10.36,few clouds
972,Aleksandrovsk-Sakhalinskiy,RU,50.8975,142.1561,70.95,85,100,14.5,overcast clouds
973,Esna,EG,25.2934,32.554,91.47,20,0,12.33,clear sky
974,Naples,IT,40.8333,14.25,86.76,55,40,1.99,scattered clouds
975,Innisfail,AU,-17.5333,146.0333,63.34,73,100,4.63,overcast clouds
976,Sakaraha,MG,-22.9,44.5333,61.48,57,50,8.81,scattered clouds
977,Taganak,PH,6.0833,118.3,84.27,73,44,6.46,light rain
978,Boden,SE,65.8252,21.6886,66.2,79,100,2.62,overcast clouds
979,Yatou,CN,37.15,122.3833,75.74,90,72,5.03,broken clouds
980,Kabalo,CD,-6.05,26.9167,80.37,29,2,8.75,clear sky
981,Porto Belo,BR,-27.1578,-48.5531,76.78,65,31,8.61,scattered clouds
982,Manta,EC,-0.95,-80.7333,77.16,74,84,9.82,broken clouds
983,Malakal,SS,9.5334,31.6605,69.89,98,100,6.22,light rain
984,Mtwara,TZ,-10.2667,40.1833,71.82,74,0,12.48,clear sky
985,Chimbote,PE,-9.0853,-78.5783,69.04,73,26,9.78,scattered clouds
986,Road Town,VG,18.4167,-64.6167,85.19,83,88,15.66,moderate rain
987,Shakiso,ET,5.75,38.9167,56.35,82,100,2.53,overcast clouds
988,Jacareacanga,BR,-6.2222,-57.7528,99.3,22,21,4.0,few clouds
989,Meadow Lake,US,34.8014,-106.5436,84.67,44,77,7.49,broken clouds
990,Nizwa,OM,22.9333,57.5333,89.53,51,82,7.9,broken clouds
991,Wageningen,NL,51.9667,5.6667,73.45,77,90,3.0,thunderstorm
992,Muli,MV,2.9167,73.5667,81.5,77,82,14.12,broken clouds
993,Lakes Entrance,AU,-37.8811,147.981,50.18,62,100,12.91,overcast clouds
994,Mazamari,PE,-11.3258,-74.5308,90.86,32,4,1.48,clear sky
995,Baikunthpur,IN,23.25,82.55,74.26,93,100,7.05,overcast clouds
996,Maniwaki,CA,46.3834,-75.966,82.35,39,75,7.47,broken clouds
997,Mbabane,SZ,-26.3167,31.1333,42.35,86,2,1.81,clear sky
998,Shanghai,CN,31.2222,121.4581,80.92,92,75,3.0,light intensity shower rain
999,Kalabo,ZM,-14.97,22.6814,58.98,41,0,7.45,clear sky
1000,Sao Joao Dos Patos,BR,-6.495,-43.7022,91.98,22,5,9.06,clear sky
1001,Mackenzie,CA,55.2999,-123.1698,66.22,42,100,10.4,overcast clouds
1002,Camacha,PT,33.0833,-16.3333,77.54,83,40,13.8,scattered clouds
1003,Kamenka,RU,51.3223,42.7678,62.87,55,15,6.53,few clouds
1004,Florianopolis,BR,-27.6146,-48.5012,76.41,99,61,10.11,broken clouds
1005,Semikarakorsk,RU,47.5194,40.8112,79.61,45,1,7.54,clear sky
1006,Pomerode,BR,-26.7406,-49.1769,82.53,48,11,2.17,few clouds
1007,Devonport,AU,-41.1667,146.35,45.09,79,46,11.79,scattered clouds
1008,Novyy Urengoy,RU,66.0833,76.6333,58.24,73,100,11.54,overcast clouds
1009,Hovd,MN,48.0056,91.6419,66.09,57,16,4.97,few clouds
1010,Saint-Leu,RE,-21.15,55.2833,68.83,72,43,4.76,scattered clouds
1011,Jalalabad,AF,34.4265,70.4515,96.91,36,0,2.68,clear sky
1012,Opuwo,NA,-18.0607,13.84,64.6,29,1,7.76,clear sky
1013,Jand,PK,33.4299,72.0193,101.17,33,4,4.83,clear sky
1014,Wiesmoor,DE,53.4167,7.7333,72.18,83,40,3.44,scattered clouds
1015,Mantua,IT,45.1667,10.7833,85.71,70,100,8.99,overcast clouds
1016,Mahajanga,MG,-15.7167,46.3167,74.41,60,100,2.19,overcast clouds
1017,Haines Junction,CA,60.7522,-137.5108,56.1,62,96,4.03,overcast clouds
1018,Yelizovo,RU,53.1873,158.3805,51.94,100,20,4.47,few clouds
1019,Dalby,AU,-27.1833,151.2667,41.74,78,94,5.26,overcast clouds
1020,Las Vegas,US,36.175,-115.1372,97.81,37,1,6.91,clear sky
1021,Strelka,RU,58.0728,93.0344,64.09,77,3,3.62,clear sky
1022,Methoni,GR,36.8197,21.7049,75.06,67,0,9.98,clear sky
1023,Tambau,BR,-21.705,-47.2744,81.72,17,0,5.59,clear sky
1024,Appleton,US,44.2619,-88.4154,87.89,43,40,8.99,scattered clouds
1025,Port Hedland,AU,-20.3167,118.5667,59.05,82,97,6.91,overcast clouds
1026,Sao Raimundo Nonato,BR,-9.0153,-42.6994,81.73,42,68,10.71,broken clouds
1027,Odweyne,SO,9.4092,45.064,71.76,47,44,18.92,scattered clouds
1028,Isla Vista,US,34.4133,-119.861,91.11,68,75,6.91,broken clouds
1029,Mariental,NA,-24.6333,17.9667,56.98,28,45,13.15,scattered clouds
1030,Kristinehamn,SE,59.3098,14.1081,76.98,51,100,5.53,overcast clouds
1031,Marawi,PH,7.9986,124.2928,70.65,87,88,4.97,overcast clouds
1032,Koungheul,SN,13.9833,-14.8,88.5,59,95,6.44,overcast clouds
1033,Karakol,KG,42.4907,78.3936,66.4,17,0,4.97,clear sky
1034,Bardiyah,LY,31.7561,25.0865,78.26,61,0,10.74,clear sky
1035,Bomet,KE,-0.7813,35.3416,59.47,70,98,1.97,overcast clouds
1036,Warri,NG,5.5167,5.75,75.15,77,33,4.29,scattered clouds
1037,Rudsar,IR,37.1376,50.288,79.59,85,49,4.5,scattered clouds
1038,Thunder Bay,CA,48.4001,-89.3168,85.55,29,55,10.67,broken clouds
1039,Ambulu,ID,-8.345,113.6058,68.09,88,9,4.32,clear sky
1040,Wonthaggi,AU,-38.6044,145.5913,53.06,84,45,18.81,scattered clouds
1041,Krivosheino,RU,57.3431,83.9261,66.56,95,49,6.06,scattered clouds
1042,Whitianga,NZ,-36.8333,175.7,56.01,95,100,21.09,light rain
1043,Thap Than,TH,15.4606,99.8917,80.49,90,100,5.64,light rain
1044,Brownsville,US,25.9018,-97.4975,92.01,61,5,5.99,clear sky
1045,Raisio,FI,60.4859,22.169,71.98,60,0,6.91,clear sky
1046,La Sarre,CA,48.8002,-79.1996,71.29,62,94,6.2,overcast clouds
1047,Vershino-Shakhtaminskiy,RU,51.3012,117.8868,52.03,99,97,3.42,overcast clouds
1048,Jackson,US,42.4165,-122.8345,89.44,40,60,3.38,broken clouds
1049,Bontang,ID,0.1333,117.5,77.47,85,71,8.5,broken clouds
1050,Bow Island,CA,49.8668,-111.3684,87.19,17,0,7.7,clear sky
1051,Braganca,BR,-1.0536,-46.7656,82.76,69,100,4.23,overcast clouds
1052,Kodino,RU,63.7198,39.6447,52.84,89,69,1.88,broken clouds
1053,Ferme-Neuve,CA,46.7001,-75.4493,76.96,50,96,7.56,overcast clouds
1054,Vilhena,BR,-12.7406,-60.1458,92.88,22,51,5.35,broken clouds
1055,Kangavar,IR,34.5043,47.9653,84.15,13,7,3.18,clear sky
1056,Iwaki,JP,37.05,140.8833,72.05,94,45,7.11,scattered clouds
1057,Ibresi,RU,55.2961,47.0394,58.1,65,99,4.56,overcast clouds
1058,Riviere-Au-Renard,CA,48.9957,-64.3971,72.43,58,3,19.28,clear sky
1059,Ingham,US,42.6,-84.3833,87.28,41,1,10.36,clear sky
1060,Colomi,BO,-17.35,-65.8667,64.47,51,25,8.37,scattered clouds
1061,Bulgan,MN,48.8125,103.5347,55.31,82,55,4.83,broken clouds
1062,Faranah,GN,10.0404,-10.7434,73.09,95,100,5.08,light rain
1063,Obo,CF,5.3998,26.4869,67.48,98,100,2.95,moderate rain
1064,Vigrestad,NO,58.5667,5.7,71.96,62,100,8.61,overcast clouds
1065,Uri,IN,34.0833,74.0333,72.82,89,7,1.63,clear sky
1066,Manaure,CO,11.7751,-72.4445,80.76,79,100,11.56,overcast clouds
1067,Rahuri,IN,19.3833,74.65,74.89,84,100,15.14,overcast clouds
1068,Lensk,RU,60.7253,114.9278,61.07,75,7,0.63,clear sky
1069,Wakkanai,JP,45.4094,141.6739,71.22,90,28,6.4,scattered clouds
1070,Nipawin,CA,53.3668,-104.0009,75.24,38,1,11.5,clear sky
1071,Gambo,CF,4.6482,22.2633,72.1,93,100,1.86,overcast clouds
1072,Paranaiba,BR,-19.6772,-51.1908,88.27,20,0,6.78,clear sky
1073,Dashitou,CN,43.3067,128.5114,65.91,95,100,4.32,overcast clouds
1074,Mizan Teferi,ET,6.9833,35.5833,58.46,97,100,2.59,overcast clouds
1075,Jalingo,NG,8.8833,11.3667,74.28,91,94,4.7,overcast clouds
1076,Ponta Delgada,PT,37.7333,-25.6667,72.32,83,40,12.66,scattered clouds
1077,Harrison,US,30.4091,-89.0436,91.11,70,25,5.84,scattered clouds
1078,Bambanglipuro,ID,-7.95,110.2833,70.21,89,42,4.03,scattered clouds
1079,Bjornevatn,NO,69.6672,29.9847,50.34,62,40,11.5,scattered clouds
1080,Tourlaville,FR,49.6383,-1.5664,64.65,66,100,11.5,overcast clouds
1081,Zolotkovo,RU,55.5281,41.1053,57.87,63,6,3.78,clear sky
1082,Muborak,UZ,39.2553,65.1528,93.92,12,0,20.02,clear sky
1083,Redmond,US,47.674,-122.1215,83.98,55,20,1.99,few clouds
1084,Calabozo,VE,8.9242,-67.4293,82.33,72,100,2.8,overcast clouds
1085,Bosaso,SO,11.2842,49.1816,88.52,41,27,13.98,scattered clouds
1086,Mozarlandia,BR,-14.7447,-50.5706,92.08,18,0,5.84,clear sky
1087,Ciudad Del Maiz,MX,22.4,-99.6,86.74,38,0,4.27,clear sky
1088,Porto Nacional,BR,-10.7081,-48.4172,91.4,22,6,4.7,clear sky
1089,Berdigestyakh,RU,62.0989,126.6992,54.88,75,8,4.56,clear sky
1090,Funtua,NG,11.5233,7.3081,72.93,86,100,8.19,light rain
1091,Kholtoson,RU,50.2981,103.3097,55.17,84,73,1.43,broken clouds
1092,Mandalgovi,MN,45.7625,106.2708,59.99,80,100,11.97,overcast clouds
1093,Santa Cruz,BO,-17.8,-63.1667,91.76,25,0,19.17,clear sky
1094,Ruteng,ID,-8.6136,120.4721,56.55,50,5,1.41,clear sky
1095,Annur,IN,11.2333,77.1333,75.61,78,97,9.42,overcast clouds
1096,Prata,BR,-19.3072,-48.9242,83.95,19,0,6.85,clear sky
1097,Livingston,GB,55.9029,-3.5226,71.67,68,0,4.61,clear sky
1098,Fallon,US,39.4735,-118.7774,96.58,12,90,5.75,smoke
1099,Tyret Pervaya,RU,53.6703,102.3106,59.36,72,100,1.07,overcast clouds
1100,Raudeberg,NO,61.9875,5.1352,73.0,85,0,12.08,clear sky
1101,Peleduy,RU,59.6289,112.7406,60.96,67,6,2.64,clear sky
1102,Sechura,PE,-5.5569,-80.8222,77.52,60,15,12.75,few clouds
1103,Black River,JM,18.0264,-77.8487,86.99,71,87,4.85,overcast clouds
1104,Hanyang,CN,32.1371,105.5126,69.73,93,0,2.51,clear sky
1105,Matara,LK,5.9485,80.5353,77.88,87,99,10.49,overcast clouds
1106,Gornyy,RU,55.1153,83.9059,70.79,88,2,5.21,clear sky
1107,Katete,UG,-0.7818,29.7544,72.77,43,100,2.59,overcast clouds
1108,Janakpur,NP,26.7183,85.9065,84.16,77,100,7.65,moderate rain
1109,Romitan,UZ,39.9343,64.3814,89.55,22,0,11.5,clear sky
1110,Paso De Carrasco,UY,-34.8603,-56.0522,58.5,94,95,10.38,overcast clouds
1111,Kirakira,SB,-10.4544,161.9205,78.85,82,94,6.91,overcast clouds
1112,San Rafael,AR,-34.6177,-68.3301,57.18,27,0,6.33,clear sky
1113,Abatskoye,RU,56.2875,70.4555,55.17,94,1,10.47,clear sky
1114,Beipiao,CN,41.7919,120.7792,70.23,85,97,5.84,overcast clouds
1115,Jiexiu,CN,37.0244,111.9125,73.98,67,100,3.71,overcast clouds
1116,Southbridge,US,42.0751,-72.0334,73.22,92,100,8.81,overcast clouds
1117,Tarko-Sale,RU,64.9225,77.785,59.9,85,100,6.67,overcast clouds
1118,Otradnoye,RU,59.7775,30.8181,69.85,66,4,2.98,clear sky
1119,Wanxian,CN,30.8039,108.3897,77.61,83,2,1.25,clear sky
1120,Alugan,PH,12.2188,125.4808,79.47,81,20,7.31,few clouds
1121,Sao Jose Da Coroa Grande,BR,-8.8978,-35.1478,75.96,84,6,13.42,clear sky
1122,Lodwar,KE,3.1191,35.5973,78.94,46,100,8.61,overcast clouds
1123,Darapidap,PH,17.2131,120.4114,78.58,92,100,12.66,moderate rain
1124,Blonay,CH,46.4678,6.8962,71.74,82,96,1.39,overcast clouds
1125,Duku,NG,11.2361,4.9073,78.06,76,100,4.27,overcast clouds
1126,Cuiluan,CN,47.72,128.648,68.81,99,100,5.19,overcast clouds
1127,Binga,ZW,-17.6203,27.3414,59.76,47,5,4.7,clear sky
1128,Urmston,GB,53.4485,-2.3542,72.45,66,90,5.99,overcast clouds
1129,Sungaipenuh,ID,-2.0833,101.3833,63.75,96,9,3.33,clear sky
1130,Billings,US,45.7833,-108.5007,95.5,19,20,4.61,smoke
1131,Kaluga,RU,54.5,35.5,60.31,64,46,6.33,scattered clouds
1132,Talcahuano,CL,-36.7167,-73.1167,51.48,93,90,3.44,mist
1133,Rawah,IQ,34.4816,41.9093,98.44,19,0,10.89,clear sky
1134,Treinta Y Tres,UY,-33.2333,-54.3833,73.36,70,0,11.36,clear sky
1135,Bajil,YE,15.0584,43.2851,84.78,68,100,0.49,overcast clouds
1136,Bad Salzungen,DE,50.8167,10.2333,72.82,83,73,4.97,broken clouds
1137,Lamesa,US,32.7376,-101.951,97.09,28,5,6.67,clear sky
1138,Auki,SB,-8.7676,160.7034,76.44,89,88,4.65,overcast clouds
1139,Izumo,JP,35.3667,132.7667,75.22,74,9,4.88,clear sky
1140,Nerchinskiy Zavod,RU,51.3088,119.61,55.98,95,73,2.48,broken clouds
1141,Cedar City,US,37.6775,-113.0619,83.17,37,1,4.61,clear sky
1142,Baijiantan,CN,45.6333,85.1833,88.2,17,0,12.12,clear sky
1143,Rabo De Peixe,PT,37.8,-25.5833,71.11,83,40,12.66,scattered clouds
1144,Suchdol Nad Luznici,CZ,48.89,14.8772,64.13,94,50,2.33,moderate rain
1145,Pangody,RU,65.85,74.4859,49.48,82,100,11.5,overcast clouds
1146,Frontera,MX,26.9333,-101.45,87.55,30,20,6.91,few clouds
1147,Jutai,BR,-5.1833,-68.9,93.07,43,89,1.86,overcast clouds
1148,Shache,CN,38.4167,77.2406,86.95,24,1,4.03,clear sky
1149,Brigantine,US,39.4101,-74.3646,89.29,70,20,14.97,few clouds
1150,Kozyatyn,UA,49.7143,28.8339,67.3,64,69,4.74,broken clouds
1151,Elk City,US,35.412,-99.4043,91.38,51,1,8.05,clear sky
1152,Kichmengskiy Gorodok,RU,59.9816,45.7854,53.89,76,53,5.41,broken clouds
1153,Urucara,BR,-2.5364,-57.76,95.04,32,97,4.76,overcast clouds
1154,Sao Miguel Dos Campos,BR,-9.7811,-36.0936,74.7,85,34,10.29,scattered clouds
1155,Mishkino,RU,55.3389,63.9175,52.92,49,2,7.7,clear sky
1156,Nago,JP,26.5881,127.9761,81.03,93,100,12.21,overcast clouds
1157,Yuncheng,CN,35.0231,110.9928,76.39,77,6,5.1,clear sky
1158,Les Cayes,HT,18.2,-73.75,83.61,72,100,7.43,overcast clouds
1159,Mishelevka,RU,52.8575,103.1719,58.35,86,1,3.47,clear sky
1160,Bagdarin,RU,54.4333,113.6,54.45,82,95,4.21,overcast clouds
1161,Haukipudas,FI,65.1765,25.3523,64.45,88,23,4.81,few clouds
1162,Shahrud,IR,36.4182,54.9763,78.26,51,0,10.8,clear sky
1163,Port Moresby,PG,-9.4431,147.1797,74.89,90,88,9.93,overcast clouds
1164,Beya,RU,53.0533,90.9139,61.93,83,41,5.64,scattered clouds
1165,Daru,PG,-9.0763,143.2092,76.62,82,69,13.58,broken clouds
1166,Kindersley,CA,51.4668,-109.1682,78.89,29,16,10.13,few clouds
1167,Doka,SD,13.5167,35.7667,72.95,89,100,5.86,overcast clouds
1168,Champasak,LA,14.75,106.0,71.22,99,100,1.23,overcast clouds
1169,Diamantino,BR,-14.4086,-56.4461,95.63,20,5,6.87,clear sky
1170,Ferrol,ES,43.4832,-8.2369,70.05,88,39,4.79,scattered clouds
1171,Medea,DZ,36.2642,2.7539,77.45,44,100,2.33,overcast clouds
1172,Kirkwall,GB,58.9848,-2.9587,59.34,88,20,6.91,few clouds
1173,Libreville,GA,0.3925,9.4537,78.82,83,40,5.75,scattered clouds
1174,Conselheiro Pena,BR,-19.1722,-41.4722,75.74,51,41,4.54,scattered clouds
1175,Durango,MX,24.8333,-104.8333,79.9,31,10,7.76,clear sky
1176,Moussoro,TD,13.6408,16.4901,77.45,68,100,9.73,overcast clouds
1177,Callaway,US,30.153,-85.5699,95.92,55,1,1.99,clear sky
1178,Danville,US,36.586,-79.395,91.2,68,98,4.0,overcast clouds
1179,Biltine,TD,14.5333,20.9167,80.17,68,100,3.74,overcast clouds
1180,Shitanjing,CN,39.2342,106.3439,73.85,40,92,6.15,overcast clouds
1181,Teberda,RU,43.4456,41.7448,61.61,92,61,1.41,broken clouds
1182,Paveh,IR,35.0434,46.3565,79.59,22,0,4.47,clear sky
1183,Nehe,CN,48.4833,124.8333,68.05,99,100,2.64,overcast clouds
1184,Bundaberg,AU,-24.85,152.35,53.22,55,18,3.0,few clouds
1185,Cockburn Town,TC,21.4612,-71.1419,85.96,70,40,9.22,scattered clouds
1186,Bara,NG,10.3744,10.7288,75.52,86,100,6.02,light rain
1187,Rongcheng,CN,30.634,117.8517,75.78,98,100,9.35,light rain
1188,Arbazh,RU,57.6804,48.3065,53.91,63,77,2.35,broken clouds
1189,Konjic,BA,43.6519,17.9614,83.25,48,51,4.61,broken clouds
1190,Shelburne,CA,44.0787,-80.2041,83.75,37,0,14.88,clear sky
1191,Sola,VU,-13.8833,167.55,79.72,80,68,9.73,broken clouds
1192,Barddhaman,IN,23.25,87.85,85.03,75,100,7.54,overcast clouds
1193,Dzerzhinsk,RU,56.2389,43.4631,61.45,72,20,0.0,few clouds
1194,Yeppoon,AU,-23.1333,150.7333,42.58,49,0,6.04,clear sky
1195,Gazli,UZ,40.1333,63.45,96.4,14,0,13.27,clear sky
1196,Cap-Haitien,HT,19.7578,-72.2042,87.75,62,40,18.41,scattered clouds
1197,Mizdah,LY,31.4451,12.9801,84.27,21,0,9.71,clear sky
1198,Jian,CN,27.1172,114.9793,78.31,78,9,1.52,clear sky
1199,Minnedosa,CA,50.2453,-99.8436,83.08,21,88,16.4,overcast clouds
1200,Sudova Vyshnya,UA,49.7889,23.3722,74.55,80,100,7.38,overcast clouds
1201,Lulea,SE,65.5842,22.1547,66.27,72,0,3.44,clear sky
1202,Ambon,ID,-3.6954,128.1814,78.21,82,100,9.13,overcast clouds
1203,Portoviejo,EC,-1.05,-80.45,80.71,67,93,3.67,overcast clouds
1204,Haverfordwest,GB,51.8017,-4.9691,68.34,72,25,3.0,scattered clouds
1205,Osakarovka,KZ,50.565,72.5692,64.58,84,0,8.97,clear sky
1206,Karaidel,RU,55.8337,56.9069,48.87,68,2,1.3,clear sky
1207,Salta,AR,-24.7859,-65.4117,80.58,25,100,7.0,overcast clouds
1208,Lanzhou,CN,36.0564,103.7922,65.61,80,100,2.08,light rain
1209,Kapuskasing,CA,49.4169,-82.4331,75.49,45,100,8.05,overcast clouds
1210,Konevo,RU,62.1215,39.3192,57.79,75,53,4.63,broken clouds
1211,Barcelos,PT,41.5388,-8.6151,74.28,80,49,6.58,scattered clouds
1212,Syracuse,IT,37.0881,15.2792,87.62,57,0,7.92,clear sky
1213,Surigao,PH,9.7839,125.4889,81.57,82,100,8.05,overcast clouds
1214,Dzerzhinskoye,RU,56.8344,95.2283,62.02,76,23,3.51,few clouds
1215,Progreso,MX,21.2833,-89.6667,93.11,64,93,9.42,overcast clouds
1216,Wellington,NZ,-41.2866,174.7756,54.77,79,75,11.5,moderate rain
1217,Povenets,RU,62.8487,34.8262,61.81,67,100,2.8,overcast clouds
1218,Tamayo,DO,18.3947,-71.2029,83.91,74,75,16.11,broken clouds
1219,Sinop,TR,41.7711,34.8709,62.17,86,0,3.65,clear sky
1220,Maryville,US,35.7565,-83.9705,94.3,62,75,1.99,broken clouds
1221,Seddon,AU,-37.8068,144.8916,53.67,82,0,3.0,clear sky
1222,Mizoch,UA,50.4,26.15,72.25,65,88,6.6,overcast clouds
1223,Tondano,ID,1.3038,124.9112,73.49,93,90,4.38,overcast clouds
1224,Sarangani,PH,5.4033,125.4636,83.73,74,95,12.57,overcast clouds
1225,Mitsamiouli,KM,-11.3847,43.2844,76.59,65,99,12.73,overcast clouds
1226,Portel,BR,-1.9356,-50.8211,93.47,35,60,4.52,broken clouds
1227,Lagoa Da Canoa,BR,-9.8297,-36.7378,74.52,75,40,13.18,scattered clouds
1228,Awjilah,LY,29.1081,21.2869,87.76,23,0,8.01,clear sky
1229,Kibre Mengist,ET,5.8833,38.9833,56.43,81,100,2.46,overcast clouds
1230,Kathmandu,NP,27.7167,85.3167,70.02,100,75,0.0,moderate rain
1231,Mnogovershinnyy,RU,53.9353,139.9242,65.62,92,100,3.31,overcast clouds
1232,Juquia,BR,-24.3208,-47.6347,83.41,35,0,2.66,clear sky
1233,Kumluca,TR,36.3703,30.2869,82.11,47,41,6.62,scattered clouds
1234,Hirado,JP,33.3597,129.5531,75.38,74,100,4.54,overcast clouds
1235,Selma,US,36.5708,-119.6121,99.03,27,1,5.75,clear sky
1236,Ontario,US,34.0633,-117.6509,97.81,50,75,3.0,broken clouds
1237,Skjervoy,NO,70.0311,20.9714,51.8,99,100,4.18,light rain
1238,Helong,CN,42.5397,128.9972,68.97,97,100,1.92,overcast clouds
1239,Freeport,US,40.6576,-73.5832,86.65,79,1,8.01,clear sky
1240,Kenitra,MA,34.261,-6.5802,75.72,75,0,9.19,clear sky
1241,Wuwei,CN,37.9281,102.6414,73.44,35,100,4.83,overcast clouds
1242,Mumbwa,ZM,-14.9783,27.0619,56.52,44,0,7.76,clear sky
1243,Along,IN,28.1667,94.7667,76.95,99,100,0.36,overcast clouds
1244,Alekseyevsk,RU,57.8406,108.3492,61.9,68,76,3.09,broken clouds
1245,Yarensk,RU,62.1675,49.0916,53.26,72,72,4.74,light rain
1246,Arawa,PG,-6.2132,155.5367,76.23,92,46,0.94,light rain
1247,Fethiye,TR,36.6217,29.1164,85.87,52,5,8.23,clear sky
1248,Dongsheng,CN,39.8161,109.9776,70.12,76,100,14.58,overcast clouds
1249,Luganville,VU,-15.5333,167.1667,76.03,90,85,1.92,overcast clouds
1250,Ippy,CF,6.2679,21.2247,70.14,95,100,3.31,overcast clouds
1251,Kendallville,US,41.4414,-85.265,87.12,48,40,4.61,scattered clouds
1252,Iracoubo,GF,5.4802,-53.2011,81.09,72,90,4.56,overcast clouds
1253,Fredericton,CA,45.9454,-66.6656,72.01,70,100,3.0,overcast clouds
1254,Pontes E Lacerda,BR,-15.2261,-59.3353,97.09,19,5,8.97,clear sky
1255,Sarahan,IN,31.5167,77.8,67.95,97,100,1.25,overcast clouds
1256,Asfi,MA,32.2994,-9.2372,71.91,72,0,19.51,clear sky
1257,Balsas,BR,-7.5325,-46.0356,95.45,22,31,7.94,scattered clouds
1258,Xinqing,CN,48.2333,129.5,67.5,99,100,3.85,overcast clouds
1259,Innoshima,JP,34.2833,133.1833,74.1,76,72,2.53,broken clouds
1260,Dothan,US,31.2232,-85.3905,91.6,59,20,1.01,few clouds
1261,Costinesti,RO,43.95,28.6333,69.71,69,0,7.27,clear sky
1262,Escanaba,US,45.7453,-87.0646,86.67,38,20,13.8,few clouds
1263,Alpena,US,45.0617,-83.4327,86.14,39,20,9.22,few clouds
1264,Teterow,DE,53.7833,12.5667,75.36,76,98,7.72,light rain
1265,Koumac,NC,-20.5667,164.2833,68.07,85,4,8.19,clear sky
1266,Mweka,CD,-4.85,21.5667,75.07,33,11,2.17,few clouds
1267,Humaita,BR,-7.5061,-63.0208,100.31,22,77,2.28,broken clouds
1268,Awbari,LY,26.5921,12.7805,87.73,19,0,11.59,clear sky
1269,Alyangula,AU,-13.8483,136.4192,69.71,72,91,10.29,overcast clouds
1270,Kuchaman,IN,27.15,74.85,87.89,65,100,7.49,overcast clouds
1271,Myaundzha,RU,63.0494,147.1858,53.56,98,100,2.59,moderate rain
1272,Esik,KZ,43.3552,77.4525,71.02,32,0,7.43,clear sky
1273,Oriximina,BR,-1.7656,-55.8661,92.55,36,100,7.43,overcast clouds
1274,Haddington,GB,55.9561,-2.7833,68.18,77,0,2.53,clear sky
1275,Champerico,GT,14.3,-91.9167,93.74,72,44,7.49,scattered clouds
1276,Fuerte Olimpo,PY,-21.0415,-57.8738,97.56,20,0,11.92,clear sky
1277,Bindura,ZW,-17.3019,31.3306,51.01,71,12,2.8,few clouds
1278,Bambari,CF,5.768,20.6757,70.74,93,100,1.72,overcast clouds
1279,Buenos Aires,AR,-34.6132,-58.3772,59.95,90,90,4.61,overcast clouds
1280,Lilongwe,MW,-13.9669,33.7873,54.93,73,79,8.77,broken clouds
1281,Sendhwa,IN,21.6833,75.1,73.38,96,100,15.46,overcast clouds
1282,Teya,RU,60.3778,92.6267,64.24,68,3,3.02,clear sky
1283,Hornepayne,CA,49.2138,-84.7705,72.37,51,98,7.4,overcast clouds
1284,Acapulco,MX,16.8634,-99.8901,87.62,74,40,9.22,scattered clouds
1285,Kiama,AU,-34.6833,150.8667,56.37,63,0,8.01,clear sky
1286,Guymon,US,36.6828,-101.4816,98.6,23,1,6.91,clear sky
1287,Konya,TR,38.1667,32.5,72.88,30,17,0.96,few clouds
1288,Namwala,ZM,-15.7504,26.4384,58.86,44,0,8.16,clear sky
1289,Amberley,US,39.2048,-84.428,90.21,66,40,1.99,scattered clouds
1290,Katherine,AU,-14.4667,132.2667,66.52,77,98,6.91,overcast clouds
1291,Belluno,IT,46.145,12.2214,76.15,92,95,3.51,light rain
1292,Kyzyl,RU,51.7,94.45,62.94,91,99,1.01,overcast clouds
1293,Ishinomaki,JP,38.4167,141.3,70.34,90,21,6.22,few clouds
1294,Gloversville,US,43.0528,-74.3438,83.55,64,75,4.0,broken clouds
1295,Kungurtug,RU,50.5994,97.5228,53.44,94,97,1.81,overcast clouds
1296,Biharamulo,TZ,-2.6319,31.3089,68.76,40,36,7.81,scattered clouds
1297,Skibbereen,IE,51.55,-9.2667,73.2,82,21,1.43,few clouds
1298,Villarrica,PY,-25.75,-56.4333,92.28,25,7,8.63,clear sky
1299,Ewa Beach,US,21.3156,-158.0072,85.95,67,75,15.99,broken clouds
1300,Hualahuises,MX,24.8847,-99.6733,93.78,34,11,8.84,few clouds
1301,Chumikan,RU,54.7183,135.315,63.01,90,17,13.22,few clouds
1302,Catalao,BR,-18.1658,-47.9464,79.38,25,0,7.0,clear sky
1303,Jacqueville,CI,5.2052,-4.4146,78.71,81,97,9.78,overcast clouds
1304,Laiyang,CN,36.9758,120.7136,74.14,94,85,4.72,overcast clouds
1305,Turbat,PK,26.0023,63.044,86.09,68,100,5.77,overcast clouds
1306,Galle,LK,6.0367,80.217,78.48,86,92,13.18,overcast clouds
1307,Envira,BR,-7.3,-70.2167,86.56,56,100,1.48,overcast clouds
1308,Mangan,IN,27.5167,88.5333,77.72,94,100,0.13,overcast clouds
1309,Yinchuan,CN,38.4681,106.2731,81.9,32,100,11.1,overcast clouds
1310,Leon Valley,US,29.4952,-98.6186,96.46,49,40,1.99,scattered clouds
1311,Buraydah,SA,26.326,43.975,97.9,12,5,10.36,clear sky
1312,Sorong,ID,-0.8833,131.25,77.13,87,100,8.16,overcast clouds
1313,Trebisacce,IT,39.8708,16.5312,85.53,47,2,4.41,clear sky
1314,Kang,BW,-23.6752,22.7876,47.98,40,0,8.14,clear sky
1315,Matagami,CA,49.7502,-77.6328,68.11,73,75,17.27,moderate rain
1316,Jocoro,SV,13.6167,-88.0167,93.16,45,99,1.16,overcast clouds
1317,Santa Cruz De La Palma,ES,28.6835,-17.7642,75.34,73,20,13.8,few clouds
1318,Petropavlovsk-Kamchatskiy,RU,53.0452,158.6483,50.59,100,20,4.47,few clouds
1319,Kilindoni,TZ,-7.9139,39.6668,76.01,74,0,21.23,light rain
1320,Winkler,CA,49.1817,-97.941,88.59,17,3,15.57,clear sky
1321,Darab,IR,28.7519,54.5444,92.66,28,0,1.92,clear sky
1322,Bonfim,BR,3.0833,-59.95,87.75,58,100,6.85,overcast clouds
1323,Kalat,PK,29.0225,66.5916,80.76,25,2,1.28,clear sky
1324,Ushtobe,KZ,45.2514,77.9838,76.19,21,0,4.7,clear sky
1325,Eravur,LK,7.7733,81.6095,83.05,66,100,9.24,light rain
1326,Mecca,SA,21.4267,39.8261,88.93,36,42,6.15,scattered clouds
1327,Lugovoy,KZ,42.9472,72.7644,79.59,22,0,4.83,clear sky
1328,Sainte-Anne-Des-Monts,CA,49.124,-66.4924,71.89,57,100,7.94,overcast clouds
1329,Dhar,IN,22.6,75.3,72.36,97,100,10.78,overcast clouds
1330,Carbonia,IT,39.1672,8.5222,80.85,47,100,8.19,light rain
1331,Bintulu,MY,3.1667,113.0333,80.1,87,95,2.24,overcast clouds
1332,Baybay,PH,10.6833,124.8333,81.77,77,100,10.94,overcast clouds
1333,Ngama,TD,11.7833,17.1667,74.53,87,100,1.25,overcast clouds
1334,Sampit,ID,-2.5333,112.95,70.92,96,1,2.84,clear sky
1335,Fare,PF,-16.7,-151.0167,77.59,66,2,14.12,clear sky
1336,Boysun,UZ,38.2061,67.1986,84.38,19,0,6.73,clear sky
1337,Shieli,KZ,44.1667,66.75,90.19,23,0,10.45,clear sky
1338,Sandwick,GB,60.0,-1.25,58.82,88,0,14.97,clear sky
1339,Lumby,CA,50.2498,-118.969,89.04,40,0,4.23,clear sky
1340,Pilar,BR,-9.5972,-35.9567,73.33,87,33,9.46,scattered clouds
1341,Harnosand,SE,62.6323,17.9379,69.01,74,39,8.5,scattered clouds
1342,Yilan,TW,24.757,121.753,86.11,99,100,4.27,overcast clouds
1343,Bandarbeyla,SO,9.4942,50.8122,78.4,69,0,27.34,clear sky
1344,Custoias,PT,41.1053,-7.321,68.58,69,47,5.82,scattered clouds
1345,Provost,CA,52.3501,-110.2683,76.21,34,92,7.02,overcast clouds
1346,Garowe,SO,8.4054,48.4845,79.18,45,18,21.83,few clouds
1347,Santa Rosa,PH,14.3122,121.1114,82.11,83,100,17.63,overcast clouds
1348,Hurghada,EG,27.2574,33.8129,86.65,35,0,10.56,clear sky
1349,Locri,IT,38.2414,16.2623,83.32,67,0,1.95,clear sky
1350,Wau,SS,7.7029,27.9953,71.24,98,100,5.37,light rain
1351,Mabaruma,GY,8.2,-59.7833,74.05,99,100,1.86,overcast clouds
1352,Meadville,US,41.6414,-80.1515,87.85,60,40,8.05,scattered clouds
1353,Puri,IN,19.8,85.85,86.38,77,100,16.42,overcast clouds
1354,Bongandanga,CD,1.5,21.05,77.83,62,100,2.37,overcast clouds
1355,Presidencia Roque Saenz Pena,AR,-26.7852,-60.4388,91.15,28,100,8.1,overcast clouds
1356,Palauig,PH,15.435,119.9045,81.61,86,100,13.78,overcast clouds
1357,Donghai,CN,22.9459,115.642,85.95,84,13,4.99,few clouds
1358,Bahia Blanca,AR,-38.7196,-62.2724,57.9,32,0,9.24,clear sky
1359,Sinazongwe,ZM,-17.2614,27.4618,62.87,48,2,4.05,clear sky
1360,Taveta,KE,-3.3963,37.6736,66.47,60,47,10.04,scattered clouds
1361,Santiago Del Estero,AR,-27.7951,-64.2615,75.67,23,4,9.95,clear sky
1362,San Luis,AR,-33.295,-66.3356,61.18,35,0,6.6,clear sky
1363,Khash,IR,28.2211,61.2158,88.16,12,7,5.08,clear sky
1364,Westerland,DE,54.9079,8.3033,71.62,73,0,6.91,clear sky
1365,Khani,GE,41.9563,42.9566,62.17,98,73,2.46,broken clouds
1366,Young,UY,-32.6833,-57.6333,69.8,69,82,11.59,broken clouds
1367,Manggar,ID,-2.8833,108.2667,81.16,73,2,14.74,clear sky
1368,Greenwood,US,34.1668,-82.1165,90.5,68,75,1.01,broken clouds
1369,Ixtapa,MX,20.7,-105.2,90.23,66,1,10.36,clear sky
1370,Dubbo,AU,-32.25,148.6167,37.53,93,75,4.61,broken clouds
1371,Caluquembe,AO,-13.7833,14.6833,60.94,27,0,1.81,clear sky
1372,Kerema,PG,-7.9631,145.7785,76.46,91,92,3.8,overcast clouds
1373,Santa Leopoldina,BR,-20.1006,-40.5297,77.65,51,3,6.91,clear sky
1374,Shelbyville,US,35.4834,-86.4603,95.49,55,40,1.99,scattered clouds
1375,La Primavera,CO,5.4906,-70.4092,78.84,78,94,6.13,overcast clouds
1376,Makakilo City,US,21.3469,-158.0858,84.52,68,75,12.66,broken clouds
1377,Dukat,RU,62.55,155.55,52.54,99,100,5.59,light rain
1378,Rafraf,TN,37.1904,10.1837,88.11,57,29,10.49,scattered clouds
1379,Dwarahat,IN,29.7833,79.4333,70.43,96,100,1.54,heavy intensity rain
1380,Dourbali,TD,11.8091,15.8632,75.16,85,100,8.25,light rain
1381,Lisala,CD,2.15,21.5167,75.36,73,100,1.95,overcast clouds
1382,Sayat,TM,38.7839,63.8803,98.46,13,0,22.66,clear sky
1383,Horadiz,AZ,39.4488,47.3353,81.39,55,0,1.68,clear sky
1384,Maykor,RU,59.0059,55.88,53.83,66,100,6.38,overcast clouds
1385,Takoradi,GH,4.8845,-1.7554,75.83,77,25,10.78,scattered clouds
1386,Sakaiminato,JP,35.55,133.2333,78.58,70,0,5.75,clear sky
1387,Turayf,SA,31.6725,38.6637,89.24,27,3,11.54,clear sky
1388,Seinajoki,FI,62.7945,22.8282,70.38,63,0,2.3,clear sky
1389,Key Largo,US,25.0865,-80.4473,85.98,65,51,7.36,broken clouds
1390,Macusani,PE,-14.0833,-70.4333,48.47,37,22,14.65,few clouds
1391,Griffith,US,41.5284,-87.4237,91.98,40,1,5.01,clear sky
1392,Balkanabat,TM,39.5108,54.3671,84.29,71,0,6.15,clear sky
1393,Bolekhiv,UA,49.0661,23.8643,67.12,77,100,4.7,overcast clouds
1394,Kashan,IR,33.9831,51.4364,96.57,11,6,9.06,clear sky
1395,Tashtagol,RU,52.7657,87.8894,60.28,95,98,2.35,overcast clouds
1396,Sarakhs,IR,36.5449,61.1577,92.26,14,0,11.5,clear sky
1397,Shengjin,AL,41.8136,19.5939,84.15,55,5,2.28,clear sky
1398,Kandalaksha,RU,67.162,32.4123,59.13,81,100,4.34,overcast clouds
1399,Kabo,CF,7.6994,18.629,72.9,92,99,2.44,light rain
1400,Shaunavon,CA,49.6501,-108.4181,85.8,18,1,5.73,clear sky
1401,Motul,MX,21.1,-89.2833,92.98,42,100,8.14,overcast clouds
1402,Grand-Couronne,FR,49.3556,1.0065,67.5,77,75,6.91,broken clouds
1403,Nautla,MX,20.2167,-96.7833,86.76,65,25,10.51,scattered clouds
1404,Knysna,ZA,-34.0363,23.0471,59.38,46,100,6.02,overcast clouds
1405,Acara,BR,-1.9608,-48.1967,93.07,33,97,4.14,overcast clouds
1406,Kenai,US,60.5544,-151.2583,66.02,75,90,10.36,overcast clouds
1407,Bolivar,US,37.6145,-93.4105,92.82,55,51,6.69,heavy intensity rain
1408,Sikonge,TZ,-5.6333,32.7667,65.46,47,1,10.87,clear sky
1409,Imbituba,BR,-28.24,-48.6703,69.69,63,100,12.26,overcast clouds
1410,Qax,AZ,41.4225,46.9242,74.39,64,1,4.99,clear sky
1411,Huaraz,PE,-9.5333,-77.5333,63.46,42,96,2.46,overcast clouds
1412,Xichang,CN,27.8964,102.2634,64.06,91,98,1.5,overcast clouds
1413,Port Augusta,AU,-32.5,137.7667,50.7,81,0,10.04,clear sky
